Country,ISO_Code,GDLCODE,Region
Afghanistan,AFG,AFGt,Total
Afghanistan,AFG,AFGr101,Central (Kabul Wardak Kapisa Logar Parwan Panjsher)
Afghanistan,AFG,AFGr102,Central Highlands (Bamyan Daikundi)
Afghanistan,AFG,AFGr103,East (Nangarhar Kunar Laghman Nooristan)
Afghanistan,AFG,AFGr104,North (Samangan Sar-e-Pul Balkh Jawzjan Faryab)
Afghanistan,AFG,AFGr105,North East (Baghlan Takhar Badakhshan Kunduz)
Afghanistan,AFG,AFGr106,South (Uruzgan Helmand Zabul Nimroz Kandahar)
Afghanistan,AFG,AFGr107,South East (Ghazni Paktya Paktika Khost)
Afghanistan,AFG,AFGr108,West (Ghor Herat Badghis Farah)
Albania,ALB,ALBt,Total
Albania,ALB,ALBr201, Berat
Albania,ALB,ALBr202, Diber
Albania,ALB,ALBr203, Durres
Albania,ALB,ALBr204, Elbasan
Albania,ALB,ALBr205, Fier
Albania,ALB,ALBr206, Gjirokaster
Albania,ALB,ALBr207, Korce
Albania,ALB,ALBr208, Kukes
Albania,ALB,ALBr209, Lezhe
Albania,ALB,ALBr210, Shkoder
Albania,ALB,ALBr211, Tirana
Albania,ALB,ALBr212, Vlore
Algeria,DZA,DZAt,Total
Algeria,DZA,DZAr104,"Hauts Plateaux Centre (Djelfa, Laghouat, MSila)"
Algeria,DZA,DZAr105,"Hauts Plateaux Est (Setif, Batna, Khenchela, Bordj Bou Arreridj, Oum El Bouaghi, Tebessa)"
Algeria,DZA,DZAr106,"Hauts Plateaux Ouest (Tiaret, Saida, Tissemsilt, Naama, El Bayadh)"
Algeria,DZA,DZAr101,"Nord Centre (Alger, Blida, Boumerdes, Tipaza, Bouira, Medea, Tizi-Ouzou, Bejaia, Chlef, Ain Defla)"
Algeria,DZA,DZAr102,"Nord Est (Annaba, Constantine, Skikda, Jijel, Mila, Souk Ahras, El Tarf, Guelma)"
Algeria,DZA,DZAr103,"Nord Ouest (Oran, Tlemcen, Mostaganem, Ain Temouchent, Relizane, Sidi Bel Abbes, Mascara)"
Algeria,DZA,DZAr107,"Sud (Bechar, Tindouf, Adrar, Ghardaia, Biskra, El Oued, Ouargla, Tamanrasset,Illizi)"
Andorra,AND,ANDt,Total
Angola,AGO,AGOt,Total
Angola,AGO,AGOr218, Bengo
Angola,AGO,AGOr209, Benguela
Angola,AGO,AGOr211, Bie
Angola,AGO,AGOr201, Cabinda
Angola,AGO,AGOr216, Cunene
Angola,AGO,AGOr210, Huambo
Angola,AGO,AGOr215, Huila
Angola,AGO,AGOr213, Kuando Kubango
Angola,AGO,AGOr205, Kuanza Norte
Angola,AGO,AGOr206, Kuanza Sul
Angola,AGO,AGOr204, Luanda
Angola,AGO,AGOr208, Lunda Norte
Angola,AGO,AGOr217, Lunda Sul
Angola,AGO,AGOr207, Malange
Angola,AGO,AGOr212, Moxico
Angola,AGO,AGOr214, Namibe
Angola,AGO,AGOr203, Uige
Angola,AGO,AGOr202, Zaire
Antigua and Barbuda,ATG,ATGt,Total
Argentina,ARG,ARGt,Total
Argentina,ARG,ARGr103,"Catamarca, La Rioja, San Juan"
Argentina,ARG,ARGr106,"Chaco, Formosa"
Argentina,ARG,ARGr107,"Chubut, Neuquen, Rio Negro, Santa Cruz, Tierra del Fuego"
Argentina,ARG,ARGr101,City of Buenos Aires
Argentina,ARG,ARGr104,Cordoba
Argentina,ARG,ARGr105,"Corrientes, Entre Rios, Misiones"
Argentina,ARG,ARGr108,"Jujuy, Salta"
Argentina,ARG,ARGr109,"La Pampa, San Luis, Mendoza"
Argentina,ARG,ARGr102,Rest of Buenos Aires
Argentina,ARG,ARGr110,Santa Fe
Argentina,ARG,ARGr111,"Santiago del Estero, Tucuman"
Armenia,ARM,ARMt,Total
Armenia,ARM,ARMr101,Aragatsotn
Armenia,ARM,ARMr102,Ararat
Armenia,ARM,ARMr103,Armavir
Armenia,ARM,ARMr104,Gegharkunik
Armenia,ARM,ARMr106,Kotayk
Armenia,ARM,ARMr105,Lori
Armenia,ARM,ARMr107,Shirak
Armenia,ARM,ARMr108,Syunik
Armenia,ARM,ARMr110,Tavush
Armenia,ARM,ARMr109,Vayots Dzor
Armenia,ARM,ARMr111,Yerevan
Australia,AUS,AUSt,Total
Australia,AUS,AUSr108,Australian Capital Territory
Australia,AUS,AUSr101,New South Wales
Australia,AUS,AUSr107,Northern Territory
Australia,AUS,AUSr103,Queensland
Australia,AUS,AUSr104,South Australia
Australia,AUS,AUSr106,Tasmania
Australia,AUS,AUSr102,Victoria
Australia,AUS,AUSr105,Western Australia
Austria,AUT,AUTt,Total
Austria,AUT,AUTr101,Burgenland
Austria,AUT,AUTr104,Karnten
Austria,AUT,AUTr102,Niederosterreich
Austria,AUT,AUTr106,Oberosterreich
Austria,AUT,AUTr107,Salzburg
Austria,AUT,AUTr105,Steiermark
Austria,AUT,AUTr108,Tirol
Austria,AUT,AUTr109,Vorarlberg
Austria,AUT,AUTr103,Wien
Azerbaijan,AZE,AZEt,Total
Azerbaijan,AZE,AZEr102,Absheron
Azerbaijan,AZE,AZEr107,Aran
Azerbaijan,AZE,AZEr101,Baku
Azerbaijan,AZE,AZEr109,Dakhlik Shirvan
Azerbaijan,AZE,AZEr103,Ganja Gazakh
Azerbaijan,AZE,AZEr106,Guba Khachmaz
Azerbaijan,AZE,AZEr105,Lankaran
Azerbaijan,AZE,AZEr104,Shaki Zaqatala
Azerbaijan,AZE,AZEr108,Yukhari Karabakh
Bahamas,BHS,BHSt,Total
Bahrain,BHR,BHRt,Total
Bangladesh,BGD,BGDt,Total
Bangladesh,BGD,BGDr214," Bagerhat, Khulna, Satkhira"
Bangladesh,BGD,BGDr204," Bandarban, Cox s Bazar"
Bangladesh,BGD,BGDr202," Barguna, Bhola, Patuakhali"
Bangladesh,BGD,BGDr201," Barisal, Jhalokati, Pirojpur"
Bangladesh,BGD,BGDr219," Bogra, Gaibandha, Jaypurhat"
Bangladesh,BGD,BGDr207," Brahmanbaria, Chandpur, Comilla"
Bangladesh,BGD,BGDr203, Chittagong
Bangladesh,BGD,BGDr216," Chuadanga, Jhenaidah, Kushtia, Meherpur"
Bangladesh,BGD,BGDr208, Dhaka
Bangladesh,BGD,BGDr220," Dinajpur, Nilphamari, Panchagarh, Thakurgaon"
Bangladesh,BGD,BGDr212," Faridpur, Manikganj, Rajbari"
Bangladesh,BGD,BGDr206," Feni, Lakshmipur, Noakhali"
Bangladesh,BGD,BGDr209," Gazipur, Narayanganj, Narsingdi"
Bangladesh,BGD,BGDr213," Gopalganj, Madaripur, Munshiganj, Shariatpur"
Bangladesh,BGD,BGDr223," Habiganj, Sunamganj"
Bangladesh,BGD,BGDr210," Jamalpur, Sherpur, Tangail"
Bangladesh,BGD,BGDr215," Jessore, Magura, Narail"
Bangladesh,BGD,BGDr205," Khagrachhari, Rangamati (Chattagram)"
Bangladesh,BGD,BGDr211," Kishoreganj, Mymensingh, Netrakona"
Bangladesh,BGD,BGDr221," Kurigram, Lalmonirhat, Rangpur"
Bangladesh,BGD,BGDr222," Maulvibazar, Sylhet"
Bangladesh,BGD,BGDr217," Naogaon, Nawabganj, Rajshahi"
Bangladesh,BGD,BGDr218," Natore, Pabna, Sirajganj"
Barbados,BRB,BRBt,Total
Barbados,BRB,BRBr102,Christ Church and St. Philip
Barbados,BRB,BRBr101,St Michael
Barbados,BRB,BRBr103,"St. James, St. George, and St. Thomas"
Barbados,BRB,BRBr104,"St. Lucy, St. Peter, St. Andrew, St. Joseph, and St. John"
Belarus,BLR,BLRt,Total
Belarus,BLR,BLRr101,Brest region
Belarus,BLR,BLRr103,Gomel region
Belarus,BLR,BLRr104,Grodno region
Belarus,BLR,BLRr105,Minsk region
Belarus,BLR,BLRr106,Mogilev region
Belarus,BLR,BLRr102,Vitebsk region
Belgium,BEL,BELt,Total
Belgium,BEL,BELr101,Bruxelles - Brussel
Belgium,BEL,BELr102,Prov. Antwerpen
Belgium,BEL,BELr107,Prov. Brabant Wallon
Belgium,BEL,BELr108,Prov. Hainaut
Belgium,BEL,BELr109,Prov. Liege
Belgium,BEL,BELr103,Prov. Limburg
Belgium,BEL,BELr110,Prov. Luxembourg
Belgium,BEL,BELr111,Prov. Namur
Belgium,BEL,BELr104,Prov. Oost-Vlaanderen
Belgium,BEL,BELr105,Prov. Vlaams-Brabant
Belgium,BEL,BELr106,Prov. West-Vlaanderen
Belize,BLZ,BLZt,Total
Belize,BLZ,BLZr102,Belize
Belize,BLZ,BLZr103,Cayo
Belize,BLZ,BLZr101,"Corozal, Orange Walk"
Belize,BLZ,BLZr104,"Stann Creek, Toledo"
Benin,BEN,BENt,Total
Benin,BEN,BENr101,Atacora (incl Donga)
Benin,BEN,BENr102,Atlantique (incl Littoral (Cotonou))
Benin,BEN,BENr103,Borgou (incl Alibori)
Benin,BEN,BENr104,Mono (incl Couffo)
Benin,BEN,BENr105,Queme (incl Plateau)
Benin,BEN,BENr106,Zou (incl Collines)
Bhutan,BTN,BTNt,Total
Bhutan,BTN,BTNr101,Bumthang
Bhutan,BTN,BTNr102,Chukha
Bhutan,BTN,BTNr103,Dagana
Bhutan,BTN,BTNr104,Gasa
Bhutan,BTN,BTNr105,Haa
Bhutan,BTN,BTNr106,Lhuntse
Bhutan,BTN,BTNr107,Mongar
Bhutan,BTN,BTNr108,Paro
Bhutan,BTN,BTNr109,Pemagatshel
Bhutan,BTN,BTNr110,Punakha
Bhutan,BTN,BTNr111,Samdrup jongkhar
Bhutan,BTN,BTNr112,Samtse
Bhutan,BTN,BTNr113,Sarpang
Bhutan,BTN,BTNr114,Thimphu
Bhutan,BTN,BTNr115,Trashigang
Bhutan,BTN,BTNr116,Trashiyangtse
Bhutan,BTN,BTNr117,Trongsa
Bhutan,BTN,BTNr118,Tsirang
Bhutan,BTN,BTNr119,Wangdi
Bhutan,BTN,BTNr120,Zhemgang
Bolivia,BOL,BOLt,Total
Bolivia,BOL,BOLr108,Beni
Bolivia,BOL,BOLr101,Chuquisaca
Bolivia,BOL,BOLr103,Cochabamba
Bolivia,BOL,BOLr102,La Paz
Bolivia,BOL,BOLr104,Oruro
Bolivia,BOL,BOLr109,Pando
Bolivia,BOL,BOLr105,Potosi
Bolivia,BOL,BOLr107,Santa Cruz
Bolivia,BOL,BOLr106,Tarija
Bosnia and Herzegovina,BIH,BIHt,Total
Bosnia and Herzegovina,BIH,BIHr103,Central Bosnia
Bosnia and Herzegovina,BIH,BIHr102,Northern Bosnia
Bosnia and Herzegovina,BIH,BIHr105,Republica Srpska
Bosnia and Herzegovina,BIH,BIHr101,Western Bosnia
Bosnia and Herzegovina,BIH,BIHr104,Western herzegovina
Botswana,BWA,BWAt,Total
Botswana,BWA,BWAr101,Central
Botswana,BWA,BWAr110,Chobe
Botswana,BWA,BWAr102,Ghanzi
Botswana,BWA,BWAr103,Kgalagadi
Botswana,BWA,BWAr104,Kgatleng
Botswana,BWA,BWAr105,Kweneng
Botswana,BWA,BWAr106,North-East
Botswana,BWA,BWAr107,"North-West, Ngamiland"
Botswana,BWA,BWAr108,South-East
Botswana,BWA,BWAr109,Southern
Brazil,BRA,BRAt,Total
Brazil,BRA,BRAr102,Acre
Brazil,BRA,BRAr114,Alagoas
Brazil,BRA,BRAr106,Amapa
Brazil,BRA,BRAr103,Amazonas
Brazil,BRA,BRAr116,Bahia
Brazil,BRA,BRAr110,Ceara
Brazil,BRA,BRAr127,Distrito Federal
Brazil,BRA,BRAr118,Espirito Santo
Brazil,BRA,BRAr126,Goias
Brazil,BRA,BRAr108,Maranhao
Brazil,BRA,BRAr125,Mato Grosso
Brazil,BRA,BRAr124,Mato Grosso do Sul
Brazil,BRA,BRAr117,Minas Gerais
Brazil,BRA,BRAr105,Para
Brazil,BRA,BRAr112,Paraiba
Brazil,BRA,BRAr121,Parana
Brazil,BRA,BRAr113,Pernambuco
Brazil,BRA,BRAr109,Piaui
Brazil,BRA,BRAr119,Rio de Janeiro
Brazil,BRA,BRAr111,Rio Grande do Norte
Brazil,BRA,BRAr123,Rio Grande do Sul
Brazil,BRA,BRAr101,Rondonia
Brazil,BRA,BRAr104,Roraima
Brazil,BRA,BRAr122,Santa Catarina
Brazil,BRA,BRAr120,Sao Paulo
Brazil,BRA,BRAr115,Sergipe
Brazil,BRA,BRAr107,Tocantins
Brunei Darussalam,BRN,BRNt,Total
Bulgaria,BGR,BGRt,Total
Bulgaria,BGR,BGRr102,Severen tsentralen
Bulgaria,BGR,BGRr103,Severoiztochen
Bulgaria,BGR,BGRr101,Severozapaden
Bulgaria,BGR,BGRr104,Yugoiztochen
Bulgaria,BGR,BGRr105,Yugozapaden
Bulgaria,BGR,BGRr106,Yuzhen tsentralen
Burkina Faso,BFA,BFAt,Total
Burkina Faso,BFA,BFAr101,Boucle de Mouhoun
Burkina Faso,BFA,BFAr102,Cascades
Burkina Faso,BFA,BFAr103,Centre (incl Ouagadougou)
Burkina Faso,BFA,BFAr104,Centre-Est
Burkina Faso,BFA,BFAr105,Centre-Nord
Burkina Faso,BFA,BFAr106,Centre-Ouest
Burkina Faso,BFA,BFAr107,Centre-Sud
Burkina Faso,BFA,BFAr108,Est
Burkina Faso,BFA,BFAr109,Hauts Bassins
Burkina Faso,BFA,BFAr110,Nord
Burkina Faso,BFA,BFAr111,Plateau Central
Burkina Faso,BFA,BFAr112,Sahel
Burkina Faso,BFA,BFAr113,Sud-Ouest
Burundi,BDI,BDIt,Total
Burundi,BDI,BDIr103,"East (Cankuzo, Rutana, Ruyigi )"
Burundi,BDI,BDIr105,"Middle (Gitega, Karuzi, Muramvya, Mwaro)"
Burundi,BDI,BDIr101,"North (Kayanza, Kirundo, Muyinga, Ngozi)"
Burundi,BDI,BDIr102,"South (Bururi, Makamba)"
Burundi,BDI,BDIr104,"West (Bubanza, Buja Rural, Cibitoke, Mairie de Bujumbura)"
Cambodia,KHM,KHMt,Total
Cambodia,KHM,KHMr101,Banteay Mean Chey
Cambodia,KHM,KHMr113,Bat Dambang-Krong Pailin
Cambodia,KHM,KHMr102,Kampong Cham (incl Tboung Khmum)
Cambodia,KHM,KHMr103,Kampong Chhnang
Cambodia,KHM,KHMr104,Kampong Spueu
Cambodia,KHM,KHMr105,Kampong Thum
Cambodia,KHM,KHMr114,Kampot-Krong Kaeb-Krong Preah Sihanouk
Cambodia,KHM,KHMr106,Kandal
Cambodia,KHM,KHMr107,Kaoh Kong
Cambodia,KHM,KHMr116,Mondol Kiri-Rotanak Kiri
Cambodia,KHM,KHMr108,Phnom Penh
Cambodia,KHM,KHMr110,Pousat
Cambodia,KHM,KHMr115,Preah Vihear-Stueng Traeng-Kracheh
Cambodia,KHM,KHMr109,Prey Veaeng
Cambodia,KHM,KHMr117,Siem Reab-Otdar Mean Chey
Cambodia,KHM,KHMr111,Svay Rieng
Cambodia,KHM,KHMr112,Takaev
Cameroon,CMR,CMRt,Total
Cameroon,CMR,CMRr101,Adamaoua
Cameroon,CMR,CMRr102,Centre (incl Yaounde)
Cameroon,CMR,CMRr103,Est
Cameroon,CMR,CMRr104,Extreme Nord
Cameroon,CMR,CMRr105,Littoral (incl Douala)
Cameroon,CMR,CMRr106,Nord
Cameroon,CMR,CMRr107,Nord Ouest
Cameroon,CMR,CMRr108,Ouest
Cameroon,CMR,CMRr109,Sud
Cameroon,CMR,CMRr110,Sud Ouest
Canada,CAN,CANt,Total
Canada,CAN,CANr109,Alberta
Canada,CAN,CANr110,British Columbia
Canada,CAN,CANr107,Manitoba
Canada,CAN,CANr104,New Brunswick
Canada,CAN,CANr101,Newfoundland and Labrador
Canada,CAN,CANr103,Nova Scotia
Canada,CAN,CANr106,Ontario
Canada,CAN,CANr102,"Prince Edward Island, Yukon Territory, Northwest Territories, Nunavut"
Canada,CAN,CANr105,Quebec
Canada,CAN,CANr108,Saskatchewan
Cape Verde,CPV,CPVt,Total
Cape Verde,CPV,CPVr105,Fogo
Cape Verde,CPV,CPVr101,S.Antao
Cape Verde,CPV,CPVr102,S.Vicente
Cape Verde,CPV,CPVr104,Santiago- Praia
Cape Verde,CPV,CPVr103,Santiago-Interior
Central African Republic CAR,CAF,CAFt,Total
Central African Republic CAR,CAF,CAFr106,Bangui
Central African Republic CAR,CAF,CAFr101,"RS I (Ombella Mpoko, Lobaye, Kemo, Nana Grebizi)"
Central African Republic CAR,CAF,CAFr102,"RS II (Mambera Kadei, Nana Mambere, Sangha Mbaere)"
Central African Republic CAR,CAF,CAFr103,"RS III (Ouham Pende, Ouham)"
Central African Republic CAR,CAF,CAFr104,"RS IV (Ouaka, Haute-Kotto, Baminigui Bangoran, Vakaga)"
Central African Republic CAR,CAF,CAFr105,"RS V (Basse Kotto, Mbornou, Houte Mbormou)"
Chad,TCD,TCDt,Total
Chad,TCD,TCDr101,Zone 1 (N'Djamena)
Chad,TCD,TCDr102,"Zone 2 (BET (Borkou, Ennedi, Tibesti), Kanem (incl Barh El Gazal), Lac)"
Chad,TCD,TCDr103,"Zone 3 (Guera, Batha Est & Ouest, Salamat)"
Chad,TCD,TCDr104,"Zone 4 (Ouaddai (incl Assongha, Sili), Biltine (new name Wad Fira))"
Chad,TCD,TCDr105,"Zone 5 (Chari-Baguirmi (Dababa, Baguirmi, Hadjer Lamis))"
Chad,TCD,TCDr106,"Zone 6 (Mayo-Kebbi (Kabia, Mayo Boneye & Mayo Dala))"
Chad,TCD,TCDr107,"Zone 7 (Logone Occidental, Logone Oriental (incl Monts de Lam), Tandjile Est & Ouest)"
Chad,TCD,TCDr108,"Zone 8 (Moyen-Chari (Barh Koh, Mandoul, Lac Iro))"
Chili,CHL,CHLt,Total
Chili,CHL,CHLr111,Aisen
Chili,CHL,CHLr102,Antofagasta
Chili,CHL,CHLr109,Arbucania
Chili,CHL,CHLr103,Atacama
Chili,CHL,CHLr108,Bio Bio
Chili,CHL,CHLr104,Coquimbo
Chili,CHL,CHLr110,Los Lagos (incl Los Rios)
Chili,CHL,CHLr112,Magallanes and La Antartica Chilena
Chili,CHL,CHLr107,Maule
Chili,CHL,CHLr106,OHiggins
Chili,CHL,CHLr113,Region Metropolitana
Chili,CHL,CHLr101,Tarapaca (incl Arica and Parinacota)
Chili,CHL,CHLr105,Valparaiso (former Aconcagua)
China,CHN,CHNt,Total
China,CHN,CHNr112,Anhui
China,CHN,CHNr101,Beijing
China,CHN,CHNr122,Chongqing
China,CHN,CHNr113,Fujian
China,CHN,CHNr128,Gansu
China,CHN,CHNr119,Guangdong
China,CHN,CHNr120,Guangxi
China,CHN,CHNr124,Guizhou
China,CHN,CHNr121,Hainan
China,CHN,CHNr103,Hebei
China,CHN,CHNr108,Heilongjiang
China,CHN,CHNr116,Henan
China,CHN,CHNr132,Hongkong
China,CHN,CHNr117,Hubei
China,CHN,CHNr118,Hunan
China,CHN,CHNr105,Inner Mongolia
China,CHN,CHNr110,Jiangsu
China,CHN,CHNr114,Jiangxi
China,CHN,CHNr107,Jilin
China,CHN,CHNr106,Liaoning
China,CHN,CHNr130,Ningxia
China,CHN,CHNr129,Qinghai
China,CHN,CHNr127,Shaanxi
China,CHN,CHNr115,Shandong
China,CHN,CHNr109,Shanghai
China,CHN,CHNr104,Shanxi
China,CHN,CHNr123,Sichuan
China,CHN,CHNr133,Taiwan
China,CHN,CHNr102,Tianjin
China,CHN,CHNr126,Tibet
China,CHN,CHNr131,Xinjiang
China,CHN,CHNr125,Yunnan
China,CHN,CHNr111,Zhejiang
Colombia,COL,COLt,Total
Colombia,COL,COLr129,Amazonas
Colombia,COL,COLr101,Antioquia (incl Medellin)
Colombia,COL,COLr125,Arauca
Colombia,COL,COLr102,Atlantico (incl Barranquilla)
Colombia,COL,COLr103,Bogota D.C.
Colombia,COL,COLr104,Bolivar (Sur and Norte)
Colombia,COL,COLr105,Boyaca
Colombia,COL,COLr106,Caldas
Colombia,COL,COLr107,Caqueta
Colombia,COL,COLr126,Casanare
Colombia,COL,COLr108,Cauca
Colombia,COL,COLr109,Cesar
Colombia,COL,COLr112,Choco
Colombia,COL,COLr110,Cordoba
Colombia,COL,COLr111,Cundinamarca
Colombia,COL,COLr130,Guainja
Colombia,COL,COLr114,Guajira
Colombia,COL,COLr131,Guaviare
Colombia,COL,COLr113,Huila
Colombia,COL,COLr115,Magdalena
Colombia,COL,COLr116,Meta
Colombia,COL,COLr117,Narino
Colombia,COL,COLr118,Norte de Santander
Colombia,COL,COLr127,Putumayo
Colombia,COL,COLr119,Quindio
Colombia,COL,COLr120,Risaralda
Colombia,COL,COLr128,San Andres
Colombia,COL,COLr121,Santander
Colombia,COL,COLr122,Sucre
Colombia,COL,COLr123,Tolima
Colombia,COL,COLr124,Valle (incl Cali)
Colombia,COL,COLr132,Vaupis
Colombia,COL,COLr133,Vichada
Comoros,COM,COMt,Total
Comoros,COM,COMr103,Anjouan (Ndzouani)
Comoros,COM,COMr101,Grande Comore (Ngazidja)
Comoros,COM,COMr102,Moheli
Congo Brazzaville,COG,COGt,Total
Congo Brazzaville,COG,COGr204, Bouenza
Congo Brazzaville,COG,COGr211, Brazzaville
Congo Brazzaville,COG,COGr207, Cuvette
Congo Brazzaville,COG,COGr208, Cuvette Ouest
Congo Brazzaville,COG,COGr201, Kouilou
Congo Brazzaville,COG,COGr203, Lekoumou
Congo Brazzaville,COG,COGr210, Likouala
Congo Brazzaville,COG,COGr202, Niari
Congo Brazzaville,COG,COGr206, Plateaux
Congo Brazzaville,COG,COGr212, Pointe Noire
Congo Brazzaville,COG,COGr205, Pool
Congo Brazzaville,COG,COGr209, Sangha
Congo Democratic Republic,COD,CODt,Total
Congo Democratic Republic,COD,CODr103,Bandundu
Congo Democratic Republic,COD,CODr102,Bas-Congo
Congo Democratic Republic,COD,CODr104,Equateur
Congo Democratic Republic,COD,CODr111,Kasai Occidental
Congo Democratic Republic,COD,CODr110,Kasai Oriental
Congo Democratic Republic,COD,CODr109,Katanga
Congo Democratic Republic,COD,CODr101,Kinshasa
Congo Democratic Republic,COD,CODr108,Maniema
Congo Democratic Republic,COD,CODr106,Nord-Kivu
Congo Democratic Republic,COD,CODr105,Orientale
Congo Democratic Republic,COD,CODr107,Sud-Kivu
Costa Rica,CRI,CRIt,Total
Costa Rica,CRI,CRIr102,Alajuela
Costa Rica,CRI,CRIr103,Cartago
Costa Rica,CRI,CRIr105,Guanacaste
Costa Rica,CRI,CRIr104,Heredia
Costa Rica,CRI,CRIr107,Limon
Costa Rica,CRI,CRIr106,Puntarenas
Costa Rica,CRI,CRIr101,San Jose
Cote d'Ivoire,CIV,CIVt,Total
Cote d'Ivoire,CIV,CIVr101,Centre
Cote d'Ivoire,CIV,CIVr102,Centre Est
Cote d'Ivoire,CIV,CIVr103,Centre Nord
Cote d'Ivoire,CIV,CIVr104,Centre Ouest
Cote d'Ivoire,CIV,CIVr105,Nord
Cote d'Ivoire,CIV,CIVr106,Nord Est
Cote d'Ivoire,CIV,CIVr107,Nord Ouest
Cote d'Ivoire,CIV,CIVr108,Ouest
Cote d'Ivoire,CIV,CIVr110,Sud Ouest
Cote d'Ivoire,CIV,CIVr109,"Sud, Abidjan"
Croatia,HRV,HRVt,Total
Croatia,HRV,HRVr101,City of Zagreb
Croatia,HRV,HRVr107,County of Bjelovar-Bilogora
Croatia,HRV,HRVr110,County of Brod-Posavina
Croatia,HRV,HRVr121,County of Dubrovnik-Neretva
Croatia,HRV,HRVr120,County of Istria
Croatia,HRV,HRVr113,County of Karlovac
Croatia,HRV,HRVr105,County of Koprivnica-Krizevc
Croatia,HRV,HRVr103,County of Krapina-Zagorje
Croatia,HRV,HRVr116,County of Lika-Senj
Croatia,HRV,HRVr106,County of Medimurje
Croatia,HRV,HRVr111,County of Osijek-Baranja
Croatia,HRV,HRVr109,County of Pozega-Slavonia
Croatia,HRV,HRVr115,County of Primorje-Gorski Kotar
Croatia,HRV,HRVr118,County of Sibenik-Knin
Croatia,HRV,HRVr114,County of Sisak-Moslavina
Croatia,HRV,HRVr119,County of Split-Dalmatia
Croatia,HRV,HRVr104,County of Varazdin
Croatia,HRV,HRVr108,County of Virovitica-Podravina
Croatia,HRV,HRVr112,County of Vukovar-Srijem
Croatia,HRV,HRVr117,County of Zadar
Croatia,HRV,HRVr102,County of Zagreb
Cuba,CUB,CUBt,Total
Cuba,CUB,CUBr103,Centro
Cuba,CUB,CUBr102,Ciudad Habana
Cuba,CUB,CUBr101,Occidente
Cuba,CUB,CUBr104,Oriente
Cyprus,CYP,CYPt,Total
Czech Republic,CZE,CZEt,Total
Czech Republic,CZE,CZEr106,Jihovychod
Czech Republic,CZE,CZEr103,Jihozapad
Czech Republic,CZE,CZEr108,Moravskoslezsko
Czech Republic,CZE,CZEr101,Praha
Czech Republic,CZE,CZEr105,Severovychod
Czech Republic,CZE,CZEr104,Severozapad
Czech Republic,CZE,CZEr102,Stredni Cechy
Czech Republic,CZE,CZEr107,Stredni Morava
Denmark,DNK,DNKt,Total
Denmark,DNK,DNKr101,Hovedstaden
Denmark,DNK,DNKr104,Midtjylland
Denmark,DNK,DNKr105,Nordjylland
Denmark,DNK,DNKr102,Sjaelland
Denmark,DNK,DNKr103,Syddanmark
Djibouti,DJI,DJIt,Total
Djibouti,DJI,DJIr101,Djibouti
Djibouti,DJI,DJIr102,Other Districts
Dominica,DMA,DMAt,Total
Dominican Republic,DOM,DOMt,Total
Dominican Republic,DOM,DOMr101,"Region 0 (Distrito Nacional, Santo Domingo, Monte Plata)"
Dominican Republic,DOM,DOMr102,"Region I (Peravia, San Cristobal, San Jose de Ocoa, Azua)"
Dominican Republic,DOM,DOMr103,"Region II (Espaillat, Puerto Plata, Santiago)"
Dominican Republic,DOM,DOMr104,"Region III (Duarte, Maria Trinidad Sanchez, Salcedo, Samana)"
Dominican Republic,DOM,DOMr105,"Region IV (Independencia, Bahoruco, Barahona, Pedernales)"
Dominican Republic,DOM,DOMr106,"Region V (El Seibo, La Altagracia, La Romana, San Pedro de Macoris, Hato Mayor)"
Dominican Republic,DOM,DOMr107,"Region VI (San Juan, Elias Pina)"
Dominican Republic,DOM,DOMr108,"Region VII (Dajabon, Monte Cristi, Santiago Rodriguez, Valverde)"
Dominican Republic,DOM,DOMr109,"Region VIII (La Vega, Monsenor Nouel, Sanchez Ramirez)"
Ecuador,ECU,ECUt,Total
Ecuador,ECU,ECUr101,Coste
Ecuador,ECU,ECUr103,Oriente
Ecuador,ECU,ECUr102,Sierra
Egypt,EGY,EGYt,Total
Egypt,EGY,EGYr102,Alexandria
Egypt,EGY,EGYr118,Assuit
Egypt,EGY,EGYr121,Aswan
Egypt,EGY,EGYr112,Behera
Egypt,EGY,EGYr115,Beni Suef
Egypt,EGY,EGYr101,Cairo
Egypt,EGY,EGYr106,Dakahlia
Egypt,EGY,EGYr105,Damietta
Egypt,EGY,EGYr116,Fayoum
Egypt,EGY,EGYr122,"Frontier governorates (Red Sea, New Valley, Matroh, North Sainai, South Sainai)"
Egypt,EGY,EGYr110,Gharbia
Egypt,EGY,EGYr114,Giza
Egypt,EGY,EGYr113,Ismailia
Egypt,EGY,EGYr109,Kafr El-Sheikh
Egypt,EGY,EGYr108,Kalyubia
Egypt,EGY,EGYr111,Menoufia
Egypt,EGY,EGYr117,Menya
Egypt,EGY,EGYr103,Port Said
Egypt,EGY,EGYr120,Qena
Egypt,EGY,EGYr107,Sharkia
Egypt,EGY,EGYr119,Souhag
Egypt,EGY,EGYr104,Suez
El Salvador,SLV,SLVt,Total
El Salvador,SLV,SLVr102,Central I
El Salvador,SLV,SLVr103,Central II
El Salvador,SLV,SLVr101,Occidental
El Salvador,SLV,SLVr104,Oriental
Equatorial Guinea,GNQ,GNQt,Total
Equatorial Guinea,GNQ,GNQr101,"Annobon, Bioko"
Equatorial Guinea,GNQ,GNQr102,Centro Sur
Equatorial Guinea,GNQ,GNQr103,Kie Ntem
Equatorial Guinea,GNQ,GNQr104,Litoral
Equatorial Guinea,GNQ,GNQr105,Wele Nzas
Eritrea,ERI,ERIt,Total
Eritrea,ERI,ERIr104,Anseba
Eritrea,ERI,ERIr106,Debub (Southern)
Eritrea,ERI,ERIr101,Debubawi Keyih Bahri (Southern Red Sea)
Eritrea,ERI,ERIr105,Gash Barka
Eritrea,ERI,ERIr102,Maekel (Central including Asmara)
Eritrea,ERI,ERIr103,Semenawi Keyih Bahri (Northern Red Sea)
Estonia,EST,ESTt,Total
Estonia,EST,ESTr103,Kesk-Eesti
Estonia,EST,ESTr104,Kirde-Eesti
Estonia,EST,ESTr102,Laane-Eesti
Estonia,EST,ESTr105,Louna-Eesti
Estonia,EST,ESTr101,Pohja-Eesti
Eswatini,SWZ,SWZt,Total
Eswatini,SWZ,SWZr101,Hhohho
Eswatini,SWZ,SWZr104,Lubombo
Eswatini,SWZ,SWZr102,Manzini
Eswatini,SWZ,SWZr103,Shiselweni
Ethiopia,ETH,ETHt,Total
Ethiopia,ETH,ETHr110,Addis
Ethiopia,ETH,ETHr102,Affar
Ethiopia,ETH,ETHr103,Amhara
Ethiopia,ETH,ETHr106,Ben-Gumz
Ethiopia,ETH,ETHr111,Dire Dawa
Ethiopia,ETH,ETHr108,Gambela
Ethiopia,ETH,ETHr109,Harari
Ethiopia,ETH,ETHr104,Oromiya
Ethiopia,ETH,ETHr107,SNNP
Ethiopia,ETH,ETHr105,Somali
Ethiopia,ETH,ETHr101,Tigray
Fiji,FJI,FJIt,Total
Fiji,FJI,FJIr108,Ba
Fiji,FJI,FJIr106,"Cakaudrove, Bua"
Fiji,FJI,FJIr105,"Kadavu, Lau, Lomaiviti, Rotuma"
Fiji,FJI,FJIr107,Macuata
Fiji,FJI,FJIr109,Nadroga or Navosa
Fiji,FJI,FJIr101,Naitasiri
Fiji,FJI,FJIr110,Ra
Fiji,FJI,FJIr102,Rewa
Fiji,FJI,FJIr103,"Serua, Namosi"
Fiji,FJI,FJIr104,Tailevu
Finland,FIN,FINt,Total
Finland,FIN,FINr105,Aland
Finland,FIN,FINr103,Etela-Suomi
Finland,FIN,FINr102,Helsinki-Uusimaa
Finland,FIN,FINr101,Lansi-Suomi
Finland,FIN,FINr104,Pohjois-ja Ita-Suomi
France,FRA,FRAt,Total
France,FRA,FRAr110,Alsace
France,FRA,FRAr115,Aquitaine
France,FRA,FRAr119,Auvergne
France,FRA,FRAr106,Basse-Normandie
France,FRA,FRAr107,Bourgogne
France,FRA,FRAr113,Bretagne
France,FRA,FRAr105,Centre
France,FRA,FRAr102,Champagne-Ardenne
France,FRA,FRAr122,Corse
France,FRA,FRAr111,Franche-Comte
France,FRA,FRAr127,French Guyana
France,FRA,FRAr125,Guadeloupe
France,FRA,FRAr104,Haute-Normandie
France,FRA,FRAr101,Ile de France
France,FRA,FRAr120,Languedoc-Roussillon
France,FRA,FRAr117,Limousin
France,FRA,FRAr109,Lorraine
France,FRA,FRAr126,Martinique
France,FRA,FRAr129,Mayotte
France,FRA,FRAr116,Midi-Pyrenees
France,FRA,FRAr108,Nord
France,FRA,FRAr112,Pays de la Loire
France,FRA,FRAr103,Picardie
France,FRA,FRAr114,Poitou-Charentes
France,FRA,FRAr121,Provence-Alpes-Cote dAzur
France,FRA,FRAr128,Reunion
France,FRA,FRAr118,Rhone-Alpes
Gabon,GAB,GABt,Total
Gabon,GAB,GABr101,Estuaire
Gabon,GAB,GABr102,Haut Ogooue
Gabon,GAB,GABr110,Libreville-Port Gentil
Gabon,GAB,GABr103,Moyen Ogooue
Gabon,GAB,GABr104,Ngounie
Gabon,GAB,GABr105,Nyanga
Gabon,GAB,GABr106,Ogooue Ivindo
Gabon,GAB,GABr107,Ogooue Lolo
Gabon,GAB,GABr108,Ogooue Maritime
Gabon,GAB,GABr109,Woleu Ntem
Gambia,GMB,GMBt,Total
Gambia,GMB,GMBr101,Banjul LGA
Gambia,GMB,GMBr107,"Central River, Janjabureh LGA"
Gambia,GMB,GMBr106,"Central River, Kuntaur LGA"
Gambia,GMB,GMBr102,Kanifing LGA
Gambia,GMB,GMBr104,"Lower River, Mansakonko LGA"
Gambia,GMB,GMBr105,"North Bank, Kerewan LGA"
Gambia,GMB,GMBr108,"Upper River, Basse LGA"
Gambia,GMB,GMBr103,"Western, Brikama LGA"
Georgia,GEO,GEOt,Total
Georgia,GEO,GEOr102,Ajaria
Georgia,GEO,GEOr103,Guria
Georgia,GEO,GEOr104,Imereti
Georgia,GEO,GEOr105,Kakheti
Georgia,GEO,GEOr106,Kvemo Kartli
Georgia,GEO,GEOr107,Mtskheta-Mtianeti
Georgia,GEO,GEOr108,Racha-Lochkhumi-Kvemo Svaneti
Georgia,GEO,GEOr109,Samegrelo-Zemo Svateni
Georgia,GEO,GEOr110,Samtskhe-Javakheti
Georgia,GEO,GEOr111,Shida Kartli
Georgia,GEO,GEOr112,Tbilisi
Germany,DEU,DEUt,Total
Germany,DEU,DEUr101,Baden-Wurttemberg
Germany,DEU,DEUr102,Bayern
Germany,DEU,DEUr103,Berlin
Germany,DEU,DEUr104,Brandenburg
Germany,DEU,DEUr105,Bremen
Germany,DEU,DEUr106,Hamburg
Germany,DEU,DEUr107,Hessen
Germany,DEU,DEUr108,Mecklenburg-Vorpommern
Germany,DEU,DEUr109,Niedersachsen
Germany,DEU,DEUr110,Nordrhein-Westfalen
Germany,DEU,DEUr111,Rheinland-Pfalz
Germany,DEU,DEUr112,Saarland
Germany,DEU,DEUr113,Sachsen
Germany,DEU,DEUr114,Sachsen-Anhalt
Germany,DEU,DEUr115,Schleswig-Holstein
Germany,DEU,DEUr116,Thuringen
Ghana,GHA,GHAt,Total
Ghana,GHA,GHAr106,Ashanti
Ghana,GHA,GHAr107,Brong Ahafo
Ghana,GHA,GHAr102,Central
Ghana,GHA,GHAr105,Eastern
Ghana,GHA,GHAr103,Greater Accra
Ghana,GHA,GHAr108,Northern
Ghana,GHA,GHAr110,Upper East
Ghana,GHA,GHAr109,Upper West
Ghana,GHA,GHAr104,Volta
Ghana,GHA,GHAr101,Western
Greece,GRC,GRCt,Total
Greece,GRC,GRCr105,"Anatoliki Makedonia, Thraki"
Greece,GRC,GRCr101,Attiki
Greece,GRC,GRCr111,Dytiki Ellada
Greece,GRC,GRCr107,Dytiki Makedonia
Greece,GRC,GRCr110,Ionia Nisia
Greece,GRC,GRCr108,Ipeiros
Greece,GRC,GRCr106,Kentriki Makedonia
Greece,GRC,GRCr104,Kriti
Greece,GRC,GRCr103,Notio Aigaio
Greece,GRC,GRCr113,Peloponnisos
Greece,GRC,GRCr112,Sterea Ellada
Greece,GRC,GRCr109,Thessalia
Greece,GRC,GRCr102,Voreio Aigaio
Grenada,GRD,GRDt,Total
Guatemala,GTM,GTMt,Total
Guatemala,GTM,GTMr105,Central
Guatemala,GTM,GTMr101,Metropolitan
Guatemala,GTM,GTMr102,North
Guatemala,GTM,GTMr107,North-Occidental
Guatemala,GTM,GTMr103,North-Oriental
Guatemala,GTM,GTMr108,Peten
Guatemala,GTM,GTMr106,South-Occidental
Guatemala,GTM,GTMr104,South-Oriental
Guinea,GIN,GINt,Total
Guinea,GIN,GINr101,Boke
Guinea,GIN,GINr102,Conakry
Guinea,GIN,GINr103,Faranah
Guinea,GIN,GINr104,Kankan
Guinea,GIN,GINr105,Kindia
Guinea,GIN,GINr106,Labe
Guinea,GIN,GINr107,Mamou
Guinea,GIN,GINr108,N Zerekore
Guinea Bissau,GNB,GNBt,Total
Guinea Bissau,GNB,GNBr106,Bafata
Guinea Bissau,GNB,GNBr104,Biombo
Guinea Bissau,GNB,GNBr109,Bissau
Guinea Bissau,GNB,GNBr105,Bolama
Guinea Bissau,GNB,GNBr108,Cacheu
Guinea Bissau,GNB,GNBr107,Gabu
Guinea Bissau,GNB,GNBr103,Oio
Guinea Bissau,GNB,GNBr102,Quinara
Guinea Bissau,GNB,GNBr101,Tombali
Guyana,GUY,GUYt,Total
Guyana,GUY,GUYr101,Barima-Waini
Guyana,GUY,GUYr107,Cuyuni-Mazaruni
Guyana,GUY,GUYr104,Demerara-Mahaica
Guyana,GUY,GUYr106,East Berbice-Corentyne
Guyana,GUY,GUYr103,Essequibo Islands-West Demerara
Guyana,GUY,GUYr105,Mahaica-Berbice
Guyana,GUY,GUYr102,Pomeroon-Supenaam
Guyana,GUY,GUYr108,Potaro-Siparuni
Guyana,GUY,GUYr110,Upper Demerara-Berbice
Guyana,GUY,GUYr109,Upper Takutu-Upper Essequibo
Haiti,HTI,HTIt,Total
Haiti,HTI,HTIr105,Artibonite
Haiti,HTI,HTIr106,Centre
Haiti,HTI,HTIr108,"Grande-Anse, Nippes"
Haiti,HTI,HTIr103,North
Haiti,HTI,HTIr104,North-East
Haiti,HTI,HTIr109,North-West
Haiti,HTI,HTIr107,South
Haiti,HTI,HTIr102,South-East
Haiti,HTI,HTIr101,West (incl Metropolitain area)
Honduras,HND,HNDt,Total
Honduras,HND,HNDr101,Atlantida
Honduras,HND,HNDr106,Choluteca
Honduras,HND,HNDr102,Colon
Honduras,HND,HNDr103,Comayagua
Honduras,HND,HNDr104,Copan
Honduras,HND,HNDr105,Cortes
Honduras,HND,HNDr107,El Paraiso
Honduras,HND,HNDr108,Francisco Morazan
Honduras,HND,HNDr109,Gracias a Dios
Honduras,HND,HNDr110,Intibuca
Honduras,HND,HNDr111,Islas de la Bahia
Honduras,HND,HNDr112,La Paz
Honduras,HND,HNDr113,Lempira
Honduras,HND,HNDr114,Ocotepeque
Honduras,HND,HNDr115,Olancho
Honduras,HND,HNDr116,Santa Barbara
Honduras,HND,HNDr117,Valle
Honduras,HND,HNDr118,Yoro
Hungary,HUN,HUNt,Total
Hungary,HUN,HUNr107,Del-Alfold
Hungary,HUN,HUNr104,Del-Dunantul
Hungary,HUN,HUNr106,Eszak-Alfold
Hungary,HUN,HUNr105,Eszak-Magyarorszag
Hungary,HUN,HUNr102,Kozep-Dunantul
Hungary,HUN,HUNr101,Kozep-Magyarorszag
Hungary,HUN,HUNr103,Nyugat-Dunantul
Iceland,ISL,ISLt,Total
India,IND,INDt,Total
India,IND,INDr136,Andaman and Nicobar Islands
India,IND,INDr101,Andhra Pradesh
India,IND,INDr125,Arunachal Pradesh
India,IND,INDr102,Assam
India,IND,INDr103,Bihar
India,IND,INDr131,Chandigarth
India,IND,INDr129,Chhattisgarh
India,IND,INDr132,Dadra and Nagar Haveli
India,IND,INDr134,Daman and Diu
India,IND,INDr104,Goa
India,IND,INDr105,Gujarat
India,IND,INDr106,Haryana
India,IND,INDr107,Himachal Pradesh
India,IND,INDr108,Jammu and Kashmir
India,IND,INDr128,Jharkhand
India,IND,INDr109,Karnataka
India,IND,INDr110,Kerala
India,IND,INDr135,Lakshadweep
India,IND,INDr111,Madhya Pradesh
India,IND,INDr112,Maharashtra
India,IND,INDr113,Manipur
India,IND,INDr114,Meghalaya
India,IND,INDr115,Mizoram
India,IND,INDr116,Nagaland
India,IND,INDr124,New Delhi
India,IND,INDr117,Orissa
India,IND,INDr133,Puducherry
India,IND,INDr118,Punjab
India,IND,INDr119,Rajasthan
India,IND,INDr120,Sikkim
India,IND,INDr121,Tamil Nadu
India,IND,INDr130,Telangana
India,IND,INDr126,Tripura
India,IND,INDr123,Uttar Pradesh
India,IND,INDr127,Uttaranchal
India,IND,INDr122,West Bengal
Indonesia,IDN,IDNt,Total
Indonesia,IDN,IDNr116,Bali
Indonesia,IDN,IDNr109,Bangka Belitung
Indonesia,IDN,IDNr115,Banten
Indonesia,IDN,IDNr107,Bengkulu
Indonesia,IDN,IDNr112,Central Java
Indonesia,IDN,IDNr121,Central Kalimantan
Indonesia,IDN,IDNr125,Central Sulawesi
Indonesia,IDN,IDNr101,DI Aceh
Indonesia,IDN,IDNr113,DI Yogyakarta
Indonesia,IDN,IDNr110,DKI Jakarta
Indonesia,IDN,IDNr114,East Java
Indonesia,IDN,IDNr123,East Kalimantan
Indonesia,IDN,IDNr118,East Nusa Tenggara
Indonesia,IDN,IDNr119,East Timor
Indonesia,IDN,IDNr128,Gorontalo
Indonesia,IDN,IDNr130,Irian Jaya (Papua and Papua Barat)
Indonesia,IDN,IDNr105,Jambi
Indonesia,IDN,IDNr108,Lampung
Indonesia,IDN,IDNr129,Maluku
Indonesia,IDN,IDNr124,North Sulawesi
Indonesia,IDN,IDNr102,North Sumatra
Indonesia,IDN,IDNr104,Riau (incl. Riau islands)
Indonesia,IDN,IDNr122,South Kalimantan
Indonesia,IDN,IDNr126,South Sulawesi (incl Sulawesi Barat)
Indonesia,IDN,IDNr106,South Sumatra
Indonesia,IDN,IDNr127,Southeast Sulawesi
Indonesia,IDN,IDNr111,West Java
Indonesia,IDN,IDNr120,West Kalimantan
Indonesia,IDN,IDNr117,West Nusa Tenggara
Indonesia,IDN,IDNr103,West Sumatra
Iran,IRN,IRNt,Total
Iran,IRN,IRNr125,Ardebil
Iran,IRN,IRNr119,Bushehr
Iran,IRN,IRNr115,Chaharmahal and Bakhtiyari
Iran,IRN,IRNr104,EastAzarbayejan
Iran,IRN,IRNr111,Esfahan
Iran,IRN,IRNr108,Fars
Iran,IRN,IRNr102,Gilan
Iran,IRN,IRNr128,Golestan
Iran,IRN,IRNr114,Hamedan
Iran,IRN,IRNr123,Hormozgan
Iran,IRN,IRNr117,Ilam
Iran,IRN,IRNr109,Kerman
Iran,IRN,IRNr106,Kermanshah
Iran,IRN,IRNr110,Khorasan-e-Razavi
Iran,IRN,IRNr107,Khuzestan
Iran,IRN,IRNr118,Kohgiluyeh and Boyerahmad
Iran,IRN,IRNr113,Kordestan
Iran,IRN,IRNr116,Lorestan
Iran,IRN,IRNr101,Markazi
Iran,IRN,IRNr103,Mazandaran
Iran,IRN,IRNr129,North Khorasan
Iran,IRN,IRNr127,Qazvin
Iran,IRN,IRNr126,Qom
Iran,IRN,IRNr121,Semnan
Iran,IRN,IRNr112,Sistanand Baluchestan
Iran,IRN,IRNr130,South Khorasan
Iran,IRN,IRNr124,Tehran and Alborz
Iran,IRN,IRNr105,WestAzarbayejan
Iran,IRN,IRNr122,Yazd
Iran,IRN,IRNr120,Zanjan
Iraq,IRQ,IRQt,Total
Iraq,IRQ,IRQr107,Anbar
Iraq,IRQ,IRQr109,Babylon
Iraq,IRQ,IRQr108,Baghdad
Iraq,IRQ,IRQr118,Basra
Iraq,IRQ,IRQr106,Diala
Iraq,IRQ,IRQr101,Dohouk
Iraq,IRQ,IRQr105,Erbil
Iraq,IRQ,IRQr110,Kerbela
Iraq,IRQ,IRQr117,Maysan
Iraq,IRQ,IRQr115,Muthanna
Iraq,IRQ,IRQr113,Najaf
Iraq,IRQ,IRQr102,Nenava
Iraq,IRQ,IRQr114,Qadisiya
Iraq,IRQ,IRQr112,Salaheldeen
Iraq,IRQ,IRQr103,Suleimaniya
Iraq,IRQ,IRQr104,Ta-amem-Karkuk
Iraq,IRQ,IRQr116,Thi-Qar
Iraq,IRQ,IRQr111,Wasit
Ireland,IRL,IRLt,Total
Ireland,IRL,IRLr101,Border
Ireland,IRL,IRLr104,Dublin
Ireland,IRL,IRLr105,Mid-East
Ireland,IRL,IRLr106,Mid-West
Ireland,IRL,IRLr102,Midland
Ireland,IRL,IRLr107,South-East
Ireland,IRL,IRLr108,South-West
Ireland,IRL,IRLr103,West
Israel,ISR,ISRt,Total
Italy,ITA,ITAt,Total
Italy,ITA,ITAr105,Abruzzo
Italy,ITA,ITAr109,Basilicata
Italy,ITA,ITAr110,Calabria
Italy,ITA,ITAr107,Campania
Italy,ITA,ITAr117,Emilia-Romagna
Italy,ITA,ITAr116,Friuli-Venezia Giulia
Italy,ITA,ITAr121,Lazio
Italy,ITA,ITAr103,Liguria
Italy,ITA,ITAr104,Lombardia
Italy,ITA,ITAr120,Marche
Italy,ITA,ITAr106,Molise
Italy,ITA,ITAr101,Piemonte
Italy,ITA,ITAr113,Provincia Autonoma di Bolzano
Italy,ITA,ITAr114,Provincia Autonoma di Trento
Italy,ITA,ITAr108,Puglia
Italy,ITA,ITAr112,Sardegna
Italy,ITA,ITAr111,Sicilia
Italy,ITA,ITAr118,Toscana
Italy,ITA,ITAr119,Umbria
Italy,ITA,ITAr102,Valle dAosta
Italy,ITA,ITAr115,Veneto
Jamaica,JAM,JAMt,Total
Jamaica,JAM,JAMr101,"Kingston, St Andrew"
Jamaica,JAM,JAMr106,"Manchester, Clarendon"
Jamaica,JAM,JAMr103,"St Ann, St Catherine"
Jamaica,JAM,JAMr105,"St James, Hanover, Westmoreland"
Jamaica,JAM,JAMr102,"St Thomas, Portland, St Mary"
Jamaica,JAM,JAMr104,"Trelawny, St Elizabeth"
Japan,JPN,JPNt,Total
Japan,JPN,JPNr108,"Chugoku (Tottori, Shimane, Okayama, Hiroshima, Yamaguchi)"
Japan,JPN,JPNr101,Hokkaido
Japan,JPN,JPNr105,"Hokuriku (Niigata, Toyama, Ishikawa, Fukui)"
Japan,JPN,JPNr107,"Kansai region (Shiga, Kyoto, Osaka, Hyogo, Nara, Wakayama)"
Japan,JPN,JPNr110,"Kyushu (Fukuoka, Saga, Nagasaki, Kumamoto, Oita, Miyazaki, Kagoshima, Okinawa)"
Japan,JPN,JPNr103,"Northern-Kanto, Koshin (Ibaraki, Tochigi, Gunma)"
Japan,JPN,JPNr109,"Shikoku (Tokushima, Kagawa, Ehime, Kochi)"
Japan,JPN,JPNr104,"Southern-Kanto (Saitama, Chiba, Tokyo, Kanagawa, Yamanashi, Nagano)"
Japan,JPN,JPNr102,"Tohoku (Aomori, Iwate, Miyagi, Akita, Yamagata, Fukushima)"
Japan,JPN,JPNr106,"Toukai (Gifu, Shizuoka, Aichi, Mie)"
Jordan,JOR,JORt,Total
Jordan,JOR,JORr108,Aljoun
Jordan,JOR,JORr101,Amman
Jordan,JOR,JORr112,Aqaba
Jordan,JOR,JORr102,Balqa
Jordan,JOR,JORr105,Irbid
Jordan,JOR,JORr107,Jarash
Jordan,JOR,JORr109,Karak
Jordan,JOR,JORr111,Maan
Jordan,JOR,JORr104,Madaba
Jordan,JOR,JORr106,Mafraq
Jordan,JOR,JORr110,Tafiela
Jordan,JOR,JORr103,Zarqa
Kazakhstan,KAZ,KAZt,Total
Kazakhstan,KAZ,KAZr101,Almaty city
Kazakhstan,KAZ,KAZr104,Central region (Karagandinskaya)
Kazakhstan,KAZ,KAZr106,East region (East-Kazakhstanskaya)
Kazakhstan,KAZ,KAZr105,"North region (Akmolinskaya (incl Astana city), Kostnaiskaya, Pavlodarskaya, North-Kazakhstanskaya)"
Kazakhstan,KAZ,KAZr102,"South region (Almatinskaya, Zhambylskaya, Kyzylordinskaya, South-Kazakhstanskaya)"
Kazakhstan,KAZ,KAZr103,"West region (Aktyubinskaya, Atyrauskaya, Mangistauskaya, West-Kazakhstanskaya)"
Kenya,KEN,KENt,Total
Kenya,KEN,KENr102,Central
Kenya,KEN,KENr103,Coast
Kenya,KEN,KENr104,Eastern
Kenya,KEN,KENr101,Nairobi
Kenya,KEN,KENr108,North Eastern
Kenya,KEN,KENr105,Nyanza
Kenya,KEN,KENr106,Rift Valley
Kenya,KEN,KENr107,Western
Kiribati,KIR,KIRt,Total
Kosovo,XKO,KSVt,Total
Kosovo,XKO,KSVr107,Ferizaj
Kosovo,XKO,KSVr101,Gjakova
Kosovo,XKO,KSVr102,Gjilan
Kosovo,XKO,KSVr103,Mitrovica
Kosovo,XKO,KSVr104,Peja
Kosovo,XKO,KSVr106,Pristina
Kosovo,XKO,KSVr105,Prizren
Kuwait,KWT,KWTt,Total
Kuwait,KWT,KWTr102,Ahmadi
Kuwait,KWT,KWTr101,"Al Asimah, Hawalli, Al-Farwaniyah, Mubarak al-Sabah"
Kuwait,KWT,KWTr103,Al-Jahra
Kyrgyzstan,KGZ,KGZt,Total
Kyrgyzstan,KGZ,KGZr108,Batken
Kyrgyzstan,KGZ,KGZr101,Bishkek
Kyrgyzstan,KGZ,KGZr103,East (Naryn)
Kyrgyzstan,KGZ,KGZr105,Jalal-Abad
Kyrgyzstan,KGZ,KGZr107,Naryn
Kyrgyzstan,KGZ,KGZr102,"North (Issyk-Kul, Chuy, Talas)"
Kyrgyzstan,KGZ,KGZr106,Osh
Kyrgyzstan,KGZ,KGZr104,"South (Osh, Batken, Jalal-Abad)"
Lao,LAO,LAOt,Total
Lao,LAO,LAOr117,Attapeu
Lao,LAO,LAOr105,Bokeo
Lao,LAO,LAOr111,Borikhamxay
Lao,LAO,LAOr116,Champasack
Lao,LAO,LAOr107,Huaphanh
Lao,LAO,LAOr112,Khammuane
Lao,LAO,LAOr103,Luangnamtha
Lao,LAO,LAOr106,Luangprabang
Lao,LAO,LAOr104,Oudomxay
Lao,LAO,LAOr102,Phongsaly
Lao,LAO,LAOr114,Saravane
Lao,LAO,LAOr113,Savannakhet
Lao,LAO,LAOr108,Sayabury
Lao,LAO,LAOr115,Sekong
Lao,LAO,LAOr101,Vientiane Municipality
Lao,LAO,LAOr110,Vientiane Province
Lao,LAO,LAOr109,Xiengkhuang
Latvia,LVA,LVAt,Total
Latvia,LVA,LVAr104,Kurzeme region
Latvia,LVA,LVAr106,Latgale region
Latvia,LVA,LVAr102,Pieriga region
Latvia,LVA,LVAr101,Riga region
Latvia,LVA,LVAr103,Vidzeme region
Latvia,LVA,LVAr105,Zemgale region
Lebanon,LBN,LBNt,Total
Lebanon,LBN,LBNr101,Beirut
Lebanon,LBN,LBNr104,Beqaa
Lebanon,LBN,LBNr102,Mount Lebanon
Lebanon,LBN,LBNr103,Northern
Lebanon,LBN,LBNr105,"Southern, Nabtieh"
Lesotho,LSO,LSOt,Total
Lesotho,LSO,LSOr103,Berea
Lesotho,LSO,LSOr101,Butha-Buthe
Lesotho,LSO,LSOr102,Leribe
Lesotho,LSO,LSOr105,Mafeteng
Lesotho,LSO,LSOr104,Maseru
Lesotho,LSO,LSOr106,Mohale s Hoek
Lesotho,LSO,LSOr109,Mokhotlong
Lesotho,LSO,LSOr108,Qasha s Nek
Lesotho,LSO,LSOr107,Quthing
Lesotho,LSO,LSOr110,Thaba-Tseka
Liberia,LBR,LBRt,Total
Liberia,LBR,LBRr101,Bomi
Liberia,LBR,LBRr102,Bong
Liberia,LBR,LBRr103,Gbarpolu
Liberia,LBR,LBRr104,Grand Bassa
Liberia,LBR,LBRr105,Grand Cape Mount
Liberia,LBR,LBRr106,Grand Gedeh
Liberia,LBR,LBRr107,Grand Kru
Liberia,LBR,LBRr108,Lofa
Liberia,LBR,LBRr109,Margibi
Liberia,LBR,LBRr110,Maryland
Liberia,LBR,LBRr111,Montserrado
Liberia,LBR,LBRr112,Nimba
Liberia,LBR,LBRr113,River Cess
Liberia,LBR,LBRr114,River Gee
Liberia,LBR,LBRr115,Sinoe
Libya,LBY,LBYt,Total
Libya,LBY,LBYr101,Cyrenaica
Libya,LBY,LBYr103,Fezzan
Libya,LBY,LBYr102,Tripolitania
Liechtenstein,LIE,LIEt,Total
Lithuania,LTU,LTUt,Total
Lithuania,LTU,LTUr101,Alytus County
Lithuania,LTU,LTUr102,Kaunas County
Lithuania,LTU,LTUr103,Klaipeda County
Lithuania,LTU,LTUr104,Marijampole County
Lithuania,LTU,LTUr105,Panevezys County
Lithuania,LTU,LTUr106,Siauliai County
Lithuania,LTU,LTUr107,Taurage County
Lithuania,LTU,LTUr108,Telsiai County
Lithuania,LTU,LTUr109,Utena County
Lithuania,LTU,LTUr110,Vilnius County
Luxembourg,LUX,LUXt,Total
Madagascar,MDG,MDGt,Total
Madagascar,MDG,MDGr112,Alaotra Mangoro
Madagascar,MDG,MDGr101,Analamanga
Madagascar,MDG,MDGr111,Analanjirofo
Madagascar,MDG,MDGr106,Anamoroni Mania
Madagascar,MDG,MDGr118,Androy
Madagascar,MDG,MDGr119,Anosy
Madagascar,MDG,MDGr117,Atsimo Andrefana
Madagascar,MDG,MDGr109,Atsimo Atsinanana
Madagascar,MDG,MDGr110,Atsinanana
Madagascar,MDG,MDGr115,Betsiboka
Madagascar,MDG,MDGr113,Boeny
Madagascar,MDG,MDGr104,Bongolava
Madagascar,MDG,MDGr121,Diana
Madagascar,MDG,MDGr105,Haute Matsiatra
Madagascar,MDG,MDGr108,Ihorombe
Madagascar,MDG,MDGr103,Itasy
Madagascar,MDG,MDGr116,Melaky
Madagascar,MDG,MDGr120,Menabe
Madagascar,MDG,MDGr122,Sava
Madagascar,MDG,MDGr114,Sofia
Madagascar,MDG,MDGr102,Vakinankaratra
Madagascar,MDG,MDGr107,Vatovavy Fitovinany
Malawi,MWI,MWIt,Total
Malawi,MWI,MWIr101,Blantyre
Malawi,MWI,MWIr102,Kasungu
Malawi,MWI,MWIr109,Lilongwe
Malawi,MWI,MWIr103,Machinga
Malawi,MWI,MWIr104,Mangochi
Malawi,MWI,MWIr110,Mulanje
Malawi,MWI,MWIr105,Mzimba
Malawi,MWI,MWIr112,"Other central (Nkhota Kota, Mchinji, Dowa, Ntchisi, Dedza, Ntcheu)"
Malawi,MWI,MWIr111,"Other northern (Chitipa, Karonga, Rumphi, Nkhata Bay)"
Malawi,MWI,MWIr113,"Other southern (Balaka, Mwanza, Phalombe, Chiradzulu, Chikwawa, Nsanje, neno)"
Malawi,MWI,MWIr106,Salima
Malawi,MWI,MWIr107,Thyolo
Malawi,MWI,MWIr108,Zomba
Malaysia,MYS,MYSt,Total
Malaysia,MYS,MYSr101,Johor
Malaysia,MYS,MYSr102,Kedah
Malaysia,MYS,MYSr103,Kelantan
Malaysia,MYS,MYSr114,Kuala Lumpur Federal Territory
Malaysia,MYS,MYSr115,Labuan Federal Territory
Malaysia,MYS,MYSr104,Melaka
Malaysia,MYS,MYSr105,Negeri Sembilan
Malaysia,MYS,MYSr106,Pahang
Malaysia,MYS,MYSr108,Perak
Malaysia,MYS,MYSr109,Perlis
Malaysia,MYS,MYSr107,Pulau Pinang
Malaysia,MYS,MYSr112,Sabah
Malaysia,MYS,MYSr113,Sarawak
Malaysia,MYS,MYSr110,Selangor
Malaysia,MYS,MYSr111,Terengganu
Maldives,MDV,MDVt,Total
Maldives,MDV,MDVr104,Central
Maldives,MDV,MDVr101,Male
Maldives,MDV,MDVr102,North
Maldives,MDV,MDVr103,North Central
Maldives,MDV,MDVr106,South
Maldives,MDV,MDVr105,South Central
Mali,MLI,MLIt,Total
Mali,MLI,MLIr108,Bamako
Mali,MLI,MLIr107,Gao and Kidal
Mali,MLI,MLIr101,Kayes
Mali,MLI,MLIr102,Koulikoro
Mali,MLI,MLIr105,Mopti
Mali,MLI,MLIr104,Segou
Mali,MLI,MLIr103,Sikasso
Mali,MLI,MLIr106,Tombouctou
Malta,MLT,MLTt,Total
Malta,MLT,MLTr102,Gozo Region
Malta,MLT,MLTr101,Malta Region
Mauritania,MRT,MRTt,Total
Mauritania,MRT,MRTr107,Adrar
Mauritania,MRT,MRTr103,Assaba
Mauritania,MRT,MRTr105,Brakna
Mauritania,MRT,MRTr104,Gorgol
Mauritania,MRT,MRTr110,Guidimagha
Mauritania,MRT,MRTr101,Hodh Charghi
Mauritania,MRT,MRTr102,Hodh Gharbi
Mauritania,MRT,MRTr112,Inchiri
Mauritania,MRT,MRTr108,Nouadhibou
Mauritania,MRT,MRTr109,Tagant
Mauritania,MRT,MRTr111,Tiris-Zemmour
Mauritania,MRT,MRTr106,Trarza incl Nouakchott
Mauritius,MUS,MUSt,Total
Mauritius,MUS,MUSr101,"North (Port Louis, Pamplemousses, Riviere du Rempart, Flacq, Moka)"
Mauritius,MUS,MUSr103,Rodrigues
Mauritius,MUS,MUSr102,"South (Grand Port, Savanne, Plaines Wilhems, Black River)"
Mexico,MEX,MEXt,Total
Mexico,MEX,MEXr101,Aguascalientes
Mexico,MEX,MEXr102,Baja California
Mexico,MEX,MEXr103,Baja California Sur
Mexico,MEX,MEXr104,Campeche
Mexico,MEX,MEXr107,Chiapas
Mexico,MEX,MEXr108,Chihuahua
Mexico,MEX,MEXr105,Coahuila
Mexico,MEX,MEXr106,Colima
Mexico,MEX,MEXr109,Distrito Federal
Mexico,MEX,MEXr110,Durango
Mexico,MEX,MEXr111,Guanajuato
Mexico,MEX,MEXr112,Guerrero
Mexico,MEX,MEXr113,Hidalgo
Mexico,MEX,MEXr114,Jalisco
Mexico,MEX,MEXr115,Mexico
Mexico,MEX,MEXr116,Michoacan de Ocampo
Mexico,MEX,MEXr117,Morelos
Mexico,MEX,MEXr118,Nayarit
Mexico,MEX,MEXr119,Nuevo Leon
Mexico,MEX,MEXr120,Oaxaca
Mexico,MEX,MEXr121,Puebla
Mexico,MEX,MEXr122,Queretaro
Mexico,MEX,MEXr123,Quintana Roo
Mexico,MEX,MEXr124,San Luis Potosi
Mexico,MEX,MEXr125,Sinaloa
Mexico,MEX,MEXr126,Sonora
Mexico,MEX,MEXr127,Tabasco
Mexico,MEX,MEXr128,Tamaulipas
Mexico,MEX,MEXr129,Tlaxcala
Mexico,MEX,MEXr130,Veracruz
Mexico,MEX,MEXr131,Yucatan
Mexico,MEX,MEXr132,Zacatecas
Micronesia (Federated States of),FSM,FSMt,Total
Moldova,MDA,MDAt,Total
Moldova,MDA,MDAr102,Center
Moldova,MDA,MDAr104,Chisinau
Moldova,MDA,MDAr101,North
Moldova,MDA,MDAr103,South
Mongolia,MNG,MNGt,Total
Mongolia,MNG,MNGr103,"Central (Dornogovi, Dundgovi, Umnugovi, Selenge, Tuv, Darkhan-Uul, Govisumber)"
Mongolia,MNG,MNGr104,"Eastern (Dornod, Sukhbaatar, Khentii)"
Mongolia,MNG,MNGr102,"Khangai (Arkhangai, Bayankhongor, Bulgan, Uvurkhangai, Khuvsgul, Orkhon)"
Mongolia,MNG,MNGr105,Ulaanbaatar
Mongolia,MNG,MNGr101,"Western (Bayan-Ulgii, Govi-Altai, Zavkhan, Uvs, Khovd)"
Monte Negro,MNE,MNEt,Total
Monte Negro,MNE,MNEr102,Centre
Monte Negro,MNE,MNEr101,North
Monte Negro,MNE,MNEr103,South
Morocco,MAR,MARt,Total
Morocco,MAR,MARr103,Centre
Morocco,MAR,MARr102,Centre north
Morocco,MAR,MARr105,Centre south
Morocco,MAR,MARr104,Eastern
Morocco,MAR,MARr101,North west
Morocco,MAR,MARr107,South
Morocco,MAR,MARr106,Tensift
Mozambique,MOZ,MOZt,Total
Mozambique,MOZ,MOZr102,Cabo delgado
Mozambique,MOZ,MOZr109,Gaza
Mozambique,MOZ,MOZr108,Inhambane
Mozambique,MOZ,MOZr106,Manica
Mozambique,MOZ,MOZr111,Maputo Cidade
Mozambique,MOZ,MOZr110,Maputo Provincia
Mozambique,MOZ,MOZr103,Nampula
Mozambique,MOZ,MOZr101,Niassa
Mozambique,MOZ,MOZr107,Sofala
Mozambique,MOZ,MOZr105,Tete
Mozambique,MOZ,MOZr104,Zambezia
Myanmar,MMR,MMRt,Total
Myanmar,MMR,MMRr114,Ayeyarwaddy
Myanmar,MMR,MMRr107,Bago
Myanmar,MMR,MMRr104,Chin
Myanmar,MMR,MMRr101,Kachin
Myanmar,MMR,MMRr102,Kayah
Myanmar,MMR,MMRr103,Kayin
Myanmar,MMR,MMRr108,Magway
Myanmar,MMR,MMRr109,"Mandalay, NayPyitaw"
Myanmar,MMR,MMRr110,Mon
Myanmar,MMR,MMRr111,Rakhine
Myanmar,MMR,MMRr105,Sagaing
Myanmar,MMR,MMRr113,Shan
Myanmar,MMR,MMRr106,Taninthayi
Myanmar,MMR,MMRr112,Yangon
Namibia,NAM,NAMt,Total
Namibia,NAM,NAMr101,Caprivi
Namibia,NAM,NAMr102,Erongo
Namibia,NAM,NAMr103,Hardap
Namibia,NAM,NAMr104,Karas
Namibia,NAM,NAMr108,Kavango
Namibia,NAM,NAMr105,Khomas
Namibia,NAM,NAMr106,Kunene
Namibia,NAM,NAMr107,Ohangwena
Namibia,NAM,NAMr109,Omaheke
Namibia,NAM,NAMr110,Omusati
Namibia,NAM,NAMr111,Oshana
Namibia,NAM,NAMr112,Oshikoto
Namibia,NAM,NAMr113,Otjozondjupa
Nepal,NPL,NPLt,Total
Nepal,NPL,NPLr102,Central
Nepal,NPL,NPLr101,Eastern
Nepal,NPL,NPLr105,Far-western
Nepal,NPL,NPLr104,Mid-western
Nepal,NPL,NPLr103,Western
Netherlands,NLD,NLDt,Total
Netherlands,NLD,NLDr103,Drenthe
Netherlands,NLD,NLDr106,Flevoland
Netherlands,NLD,NLDr102,Friesland
Netherlands,NLD,NLDr105,Gelderland
Netherlands,NLD,NLDr101,Groningen
Netherlands,NLD,NLDr112,Limburg
Netherlands,NLD,NLDr111,Noord-Brabant
Netherlands,NLD,NLDr108,Noord-Holland
Netherlands,NLD,NLDr104,Overijssel
Netherlands,NLD,NLDr107,Utrecht
Netherlands,NLD,NLDr110,Zeeland
Netherlands,NLD,NLDr109,Zuid-Holland
New Zealand,NZL,NZLt,Total
New Zealand,NZL,NZLr102,Auckland
New Zealand,NZL,NZLr104,Bay of Plenty
New Zealand,NZL,NZLr113,Canterbury
New Zealand,NZL,NZLr105,Gisborne
New Zealand,NZL,NZLr106,Hawkes Bay
New Zealand,NZL,NZLr108,Manawatu-Wanganui
New Zealand,NZL,NZLr111,Marlborough
New Zealand,NZL,NZLr101,Northland
New Zealand,NZL,NZLr114,Otago
New Zealand,NZL,NZLr115,Southland
New Zealand,NZL,NZLr107,Taranaki
New Zealand,NZL,NZLr110,Tasman - Nelson
New Zealand,NZL,NZLr103,Waikato
New Zealand,NZL,NZLr109,Wellington
New Zealand,NZL,NZLr112,West Coast
Nicaragua,NIC,NICt,Total
Nicaragua,NIC,NICr103,"Atlantico (Rio San Juan, Atlantico Norte (Raan), Atlantico Sur (Raas))"
Nicaragua,NIC,NICr102,"Central-Norte (Boaco, Chontales, Jinotega, Matagalpa, Esteli, Madriz, Nueva Segovia)"
Nicaragua,NIC,NICr101,"Pacifico (Chinandega, Leon, Managua, Masaya, Granada, Carazo, Rivas)"
Niger,NER,NERt,Total
Niger,NER,NERr101,Agadez
Niger,NER,NERr102,Diffa
Niger,NER,NERr103,Dosso
Niger,NER,NERr104,Maradi
Niger,NER,NERr106,Tahoua
Niger,NER,NERr105,Tillabery (incl Niamey)
Niger,NER,NERr107,Zinder
Nigeria,NGA,NGAt,Total
Nigeria,NGA,NGAr122,Abia
Nigeria,NGA,NGAr137,Abuja FCT
Nigeria,NGA,NGAr108,Adamawa
Nigeria,NGA,NGAr101,Akwa Ibom
Nigeria,NGA,NGAr102,Anambra
Nigeria,NGA,NGAr103,Bauchi
Nigeria,NGA,NGAr131,Bayelsa
Nigeria,NGA,NGAr105,Benue
Nigeria,NGA,NGAr106,Borno
Nigeria,NGA,NGAr107,Cross River
Nigeria,NGA,NGAr123,Delta
Nigeria,NGA,NGAr132,Ebonyi
Nigeria,NGA,NGAr104,Edo
Nigeria,NGA,NGAr133,Ekiti
Nigeria,NGA,NGAr124,Enugu
Nigeria,NGA,NGAr134,Gombe
Nigeria,NGA,NGAr109,Imo
Nigeria,NGA,NGAr125,Jigawa
Nigeria,NGA,NGAr110,Kaduna
Nigeria,NGA,NGAr111,Kano
Nigeria,NGA,NGAr112,Katsina
Nigeria,NGA,NGAr126,Kebbi
Nigeria,NGA,NGAr127,Kogi
Nigeria,NGA,NGAr113,Kwara
Nigeria,NGA,NGAr114,Lagos
Nigeria,NGA,NGAr135,Nassarawa
Nigeria,NGA,NGAr115,Niger
Nigeria,NGA,NGAr116,Ogun
Nigeria,NGA,NGAr117,Ondo
Nigeria,NGA,NGAr128,Osun
Nigeria,NGA,NGAr118,Oyo
Nigeria,NGA,NGAr119,Plateau
Nigeria,NGA,NGAr120,Rivers
Nigeria,NGA,NGAr121,Sokoto
Nigeria,NGA,NGAr129,Taraba
Nigeria,NGA,NGAr130,Yobe
Nigeria,NGA,NGAr136,Zamfora
North Macedonia,MKD,MKDt,Total
North Macedonia,MKD,MKDr108,East
North Macedonia,MKD,MKDr104,North East
North Macedonia,MKD,MKDr102,Pelagoniski
North Macedonia,MKD,MKDr107,Poloski
North Macedonia,MKD,MKDr101,Skopski
North Macedonia,MKD,MKDr106,South East
North Macedonia,MKD,MKDr105,South West
North Macedonia,MKD,MKDr103,Vardarski
Norway,NOR,NORt,Total
Norway,NOR,NORr104,Agder og Rogaland
Norway,NOR,NORr102,Hedmark og Oppland
Norway,NOR,NORr107,Nord-Norge
Norway,NOR,NORr101,Oslo og Akershus
Norway,NOR,NORr103,Sor-Ostlandet
Norway,NOR,NORr106,Trondelag
Norway,NOR,NORr105,Vestlandet
Oman,OMN,OMNt,Total
Pakistan,PAK,PAKt,Total
Pakistan,PAK,PAKr107,AJK
Pakistan,PAK,PAKr104,Balochistan
Pakistan,PAK,PAKr108,FATA
Pakistan,PAK,PAKr106,Gilgit Baltistan
Pakistan,PAK,PAKr105,Islamabad (ICT)
Pakistan,PAK,PAKr103,Khyber Pakhtunkhwa (NWFrontier)
Pakistan,PAK,PAKr101,Punjab
Pakistan,PAK,PAKr102,Sindh
Palestine,PSE,PSEt,Total
Palestine,PSE,PSEr104,"Bethlehem, Hebron"
Palestine,PSE,PSEr106,"Deir El-Balah, Khan Yunis, Rafah"
Palestine,PSE,PSEr101,"Jenin, Tubas, Tulkarm, Nablus, Qalqiliya"
Palestine,PSE,PSEr103,Jerusalem
Palestine,PSE,PSEr105,"North Gaza, Gaza"
Palestine,PSE,PSEr102,"Salfit, Ramallah, Al-Bireh, Jericho, Al Aghwar"
Panama,PAN,PANt,Total
Panama,PAN,PANr101,Bocas del Toro
Panama,PAN,PANr104,Chiriqui
Panama,PAN,PANr102,Cocle
Panama,PAN,PANr103,Colon
Panama,PAN,PANr105,Darien
Panama,PAN,PANr111,Embera Wounaan
Panama,PAN,PANr106,Herrera
Panama,PAN,PANr110,Kuna Yala
Panama,PAN,PANr107,Los Santos
Panama,PAN,PANr112,Ngobe Bugle
Panama,PAN,PANr108,Panama
Panama,PAN,PANr109,Veraguas
Papua New Guinea,PNG,PNGt,Total
Papua New Guinea,PNG,PNGr120,Autonomous Region of Bougainville
Papua New Guinea,PNG,PNGr103,Central
Papua New Guinea,PNG,PNGr110,"Chimbu, Simbu"
Papua New Guinea,PNG,PNGr118,East New Britain
Papua New Guinea,PNG,PNGr114,East Sepik
Papua New Guinea,PNG,PNGr111,Eastern Highlands
Papua New Guinea,PNG,PNGr108,Enga
Papua New Guinea,PNG,PNGr102,Gulf
Papua New Guinea,PNG,PNGr121,Hela
Papua New Guinea,PNG,PNGr122,Jiwaka
Papua New Guinea,PNG,PNGr113,Madang
Papua New Guinea,PNG,PNGr116,Manus
Papua New Guinea,PNG,PNGr105,Milne Bay
Papua New Guinea,PNG,PNGr112,Morobe
Papua New Guinea,PNG,PNGr104,National Capital District
Papua New Guinea,PNG,PNGr117,New Ireland
Papua New Guinea,PNG,PNGr106,"Northern, Oro"
Papua New Guinea,PNG,PNGr107,Southern Highlands
Papua New Guinea,PNG,PNGr119,West New Britain
Papua New Guinea,PNG,PNGr115,"West Sepik, Sandaun"
Papua New Guinea,PNG,PNGr101,Western
Papua New Guinea,PNG,PNGr109,Western Highlands
Paraguay,PRY,PRYt,Total
Paraguay,PRY,PRYr105,"Central (Asuncion, Central)"
Paraguay,PRY,PRYr102,"North-East (Caaguazu, Alto Parana, Canideyu)"
Paraguay,PRY,PRYr101,"North-West (Boqueron, Alto Paraguay, Presidente Hayes, Conception, Amambay, San pedro, Cordillera)"
Paraguay,PRY,PRYr104,"South-East (Guaira, Misiones, Paraguari, Neembucu)"
Paraguay,PRY,PRYr103,"South-West (Caazapa, Itapua)"
Peru,PER,PERt,Total
Peru,PER,PERr106,"Central (Huancavelica, Huanuco, Junin, Pasco)"
Peru,PER,PERr103,"East (Madre de Dios, Cusco, Puno, Apurimac)"
Peru,PER,PERr101,"North (Tumbes, Piura, Lambayeque, Cajamarca, La Libertad)"
Peru,PER,PERr102,"North East (Amazonas, Loreto, San Martin, Ucayali)"
Peru,PER,PERr104,"South (Tacna, Moquegua, Arequipa, Ica, Ayacucho)"
Peru,PER,PERr105,"West (Ancash, Lima, Callao)"
Philippines,PHL,PHLt,Total
Philippines,PHL,PHLr117,ARMM
Philippines,PHL,PHLr102,Cordillera Admin Region
Philippines,PHL,PHLr103,I-Ilocos
Philippines,PHL,PHLr104,II-Cagayan Valley
Philippines,PHL,PHLr105,III-Central Luzon
Philippines,PHL,PHLr106,IVA-CALABARZON
Philippines,PHL,PHLr107,IVB-MIMAROPA
Philippines,PHL,PHLr112,IX-Zamboanga Peninsula
Philippines,PHL,PHLr101,National Capital Region
Philippines,PHL,PHLr108,V-Bicol
Philippines,PHL,PHLr109,VI-Western Visayas
Philippines,PHL,PHLr110,VII-Central Visayas
Philippines,PHL,PHLr111,VIII-Eastern Visayas
Philippines,PHL,PHLr113,X-Northern Mindanao
Philippines,PHL,PHLr114,XI-Davao
Philippines,PHL,PHLr115,XII-SOCCSKSARGEN
Philippines,PHL,PHLr116,XIII-Caraga
Poland,POL,POLt,Total
Poland,POL,POLr112,Dolnoslaskie
Poland,POL,POLr114,Kujawsko-Pomorskie
Poland,POL,POLr101,Lodzkie
Poland,POL,POLr105,Lubelskie
Poland,POL,POLr111,Lubuskie
Poland,POL,POLr103,Malopolskie
Poland,POL,POLr102,Mazowieckie
Poland,POL,POLr113,Opolskie
Poland,POL,POLr106,Podkarpackie
Poland,POL,POLr108,Podlaskie
Poland,POL,POLr116,Pomorskie
Poland,POL,POLr104,Slaskie
Poland,POL,POLr107,Swietokrzyskie
Poland,POL,POLr115,Warminsko-Mazurskie
Poland,POL,POLr109,Wielkopolskie
Poland,POL,POLr110,Zachodniopomorskie
Portugal,PRT,PRTt,Total
Portugal,PRT,PRTr105,Alentejo
Portugal,PRT,PRTr102,Algarve
Portugal,PRT,PRTr104,Area Metropolitana de Lisboa
Portugal,PRT,PRTr103,Centro
Portugal,PRT,PRTr101,Norte
Portugal,PRT,PRTr107,Regiao Autonoma da Madeira
Portugal,PRT,PRTr106,Regiao Autonoma dos Acores
Qatar,QAT,QATt,Total
Romania,ROU,ROUt,Total
Romania,ROU,ROUr108,Bucuresti
Romania,ROU,ROUr107,Centru
Romania,ROU,ROUr101,Nord-Est
Romania,ROU,ROUr106,Nord-Vest
Romania,ROU,ROUr103,Sud
Romania,ROU,ROUr102,Sud-Est
Romania,ROU,ROUr104,Sud-Vest Oltenia
Romania,ROU,ROUr105,Vest
Russian Federation,RUS,RUSt,Total
Russian Federation,RUS,RUSr101,The Central Federal District
Russian Federation,RUS,RUSr108,The Far East  Federal District
Russian Federation,RUS,RUSr102,The North West Federal District
Russian Federation,RUS,RUSr104,The North-Caucasian Federal District
Russian Federation,RUS,RUSr105,The Privolzhsky (Volga) Federal District
Russian Federation,RUS,RUSr107,The Siberian  Federal District
Russian Federation,RUS,RUSr103,The South Federal District
Russian Federation,RUS,RUSr106,The Urals  Federal District
Rwanda,RWA,RWAt,Total
Rwanda,RWA,RWAr101,City of Kigali
Rwanda,RWA,RWAr105,East
Rwanda,RWA,RWAr104,North
Rwanda,RWA,RWAr102,South
Rwanda,RWA,RWAr103,West
Saint Kitts and Nevis,KNA,KNA,Total
Saint Lucia,LCA,LCAt,Total
Saint Vincent and the Grenadines,VCT,VCTt,Total
Samoa,WSM,WSMt,Total
Sao Tome & Principe,STP,STPt,Total
Sao Tome & Principe,STP,STPr101,Regiao Centro
Sao Tome & Principe,STP,STPr104,Regiao do Principe
Sao Tome & Principe,STP,STPr103,Regiao Norte
Sao Tome & Principe,STP,STPr102,Regiao Sul
Saudi Arabia,SAU,SAUt,Total
Saudi Arabia,SAU,SAUr101,"Center (Riadh, Qassim)"
Saudi Arabia,SAU,SAUr104,Eastern province
Saudi Arabia,SAU,SAUr105,"North (Northern Borders, Al Jawf, Hail)"
Saudi Arabia,SAU,SAUr103,"South (Bahah, Jizan, Asir, Najran)"
Saudi Arabia,SAU,SAUr102,"West (Makka, Madinah, Tabuk)"
Senegal,SEN,SENt,Total
Senegal,SEN,SENr101,Dakar
Senegal,SEN,SENr103,Diourbel
Senegal,SEN,SENr109,Fatick
Senegal,SEN,SENr106,Kaolack
Senegal,SEN,SENr110,Kolda
Senegal,SEN,SENr108,Louga
Senegal,SEN,SENr104,Saint Louis
Senegal,SEN,SENr105,Tambacounda
Senegal,SEN,SENr107,Thies
Senegal,SEN,SENr102,Ziguinchor
Serbia,SRB,SRBt,Total
Serbia,SRB,SRBr101,Belgrade
Serbia,SRB,SRBr104,South and East Serbia
Serbia,SRB,SRBr103,Sumadija and West Serbia
Serbia,SRB,SRBr102,Vojvodina
Sierra Leone,SLE,SLEt,Total
Sierra Leone,SLE,SLEr109,Bo
Sierra Leone,SLE,SLEr101,Bombali
Sierra Leone,SLE,SLEr110,Bonthe
Sierra Leone,SLE,SLEr106,Kailahun
Sierra Leone,SLE,SLEr102,Kambia
Sierra Leone,SLE,SLEr107,Kenema
Sierra Leone,SLE,SLEr103,Koinadugu
Sierra Leone,SLE,SLEr108,Kono
Sierra Leone,SLE,SLEr111,Moyamba
Sierra Leone,SLE,SLEr104,Port Loko
Sierra Leone,SLE,SLEr112,Pujehun
Sierra Leone,SLE,SLEr105,Tonkolili
Sierra Leone,SLE,SLEr113,Western Rural
Sierra Leone,SLE,SLEr114,Western Urban
Singapore,SGP,SGPt,Total
Slovakia,SVK,SVKt,Total
Slovakia,SVK,SVKr101,Bratislavsky kraj
Slovakia,SVK,SVKr103,Stredne Slovensko
Slovakia,SVK,SVKr104,Vychodne Slovensko
Slovakia,SVK,SVKr102,Zapadne Slovensko
Slovenia,SVN,SVNt,Total
Slovenia,SVN,SVNr110,Gorenjska
Slovenia,SVN,SVNr111,Goriska
Slovenia,SVN,SVNr107,Jugovzhodna Slovenija
Slovenia,SVN,SVNr103,Koroska
Slovenia,SVN,SVNr112,Obalno-kraska
Slovenia,SVN,SVNr109,Osrednjeslovenska
Slovenia,SVN,SVNr102,Podravska
Slovenia,SVN,SVNr101,Pomurska
Slovenia,SVN,SVNr106,Posavska
Slovenia,SVN,SVNr108,Primorsko-notranjska
Slovenia,SVN,SVNr104,Savinjska
Slovenia,SVN,SVNr105,Zasavska
Solomon Islands,SLB,SLBt,Total
Somalia,SOM,SOMt,Total
Somalia,SOM,SOMr102,Awdal
Somalia,SOM,SOMr109,Bakool
Somalia,SOM,SOMr116,Banadir
Somalia,SOM,SOMr108,Bari
Somalia,SOM,SOMr110,Bay
Somalia,SOM,SOMr117,Galguduud
Somalia,SOM,SOMr111,Gedo
Somalia,SOM,SOMr113,Hiran
Somalia,SOM,SOMr118,Lower Juba
Somalia,SOM,SOMr115,Lower Shabelle
Somalia,SOM,SOMr112,Middle Juba
Somalia,SOM,SOMr114,Middle Shabelle
Somalia,SOM,SOMr106,Mudug
Somalia,SOM,SOMr107,Nugal
Somalia,SOM,SOMr103,Sanaag
Somalia,SOM,SOMr104,Sool
Somalia,SOM,SOMr105,Togdhere
Somalia,SOM,SOMr101,W Galbeed
South Africa,ZAF,ZAFt,Total
South Africa,ZAF,ZAFr102,Eastern Cape
South Africa,ZAF,ZAFr104,Free State
South Africa,ZAF,ZAFr107,Gauteng
South Africa,ZAF,ZAFr105,KwaZulu Natal
South Africa,ZAF,ZAFr108,Mpumalanga
South Africa,ZAF,ZAFr106,North West
South Africa,ZAF,ZAFr103,Northern Cape
South Africa,ZAF,ZAFr109,Northern Province
South Africa,ZAF,ZAFr101,Western Cape
South Korea,KOR,KORt,Total
South Korea,KOR,KORr101,Capital Region
South Korea,KOR,KORr105,Chungcheong Region
South Korea,KOR,KORr106,Gangwon Region
South Korea,KOR,KORr103,Gyeongbuk Region
South Korea,KOR,KORr102,Gyeongnam Region
South Korea,KOR,KORr107,Jeju
South Korea,KOR,KORr104,Jeolla Region
South Sudan,SSD,SSDt,Total
South Sudan,SSD,SSDr109,Central Equatoria
South Sudan,SSD,SSDr110,Eastern Equatoria
South Sudan,SSD,SSDr102,Jonglei
South Sudan,SSD,SSDr107,Lakes
South Sudan,SSD,SSDr105,Northern Bahr El Ghazal
South Sudan,SSD,SSDr103,Unity
South Sudan,SSD,SSDr101,Upper Nile
South Sudan,SSD,SSDr104,Warrap
South Sudan,SSD,SSDr106,Western Bahr El Ghazal
South Sudan,SSD,SSDr108,Western Equatoria
Spain,ESP,ESPt,Total
Spain,ESP,ESPr115,Andalucia
Spain,ESP,ESPr107,Aragon
Spain,ESP,ESPr119,Canarias
Spain,ESP,ESPr103,Cantabria
Spain,ESP,ESPr109,Castilla y Leon
Spain,ESP,ESPr110,Castilla-la Mancha
Spain,ESP,ESPr112,Cataluna
Spain,ESP,ESPr117,Ciudad Autonoma de Ceuta
Spain,ESP,ESPr118,Ciudad Autonoma de Melilla
Spain,ESP,ESPr108,Comunidad de Madrid
Spain,ESP,ESPr105,Comunidad Foral de Navarra
Spain,ESP,ESPr113,Comunidad Valenciana
Spain,ESP,ESPr111,Extremadura
Spain,ESP,ESPr101,Galicia
Spain,ESP,ESPr114,Illes Balears
Spain,ESP,ESPr106,La Rioja
Spain,ESP,ESPr104,Pais Vasco
Spain,ESP,ESPr102,Principado de Asturias
Spain,ESP,ESPr116,Region de Murcia
Sri Lanka,LKA,LKAt,Total
Sudan,SDN,SDNt,Total
Sudan,SDN,SDNr105,Al Gedarif
Sudan,SDN,SDNr107,Al Gezira
Sudan,SDN,SDNr110,Blue Nile
Sudan,SDN,SDNr104,Kassala
Sudan,SDN,SDNr106,Khartoum
Sudan,SDN,SDNr102,Nahr El Nil
Sudan,SDN,SDNr113,North Darfur
Sudan,SDN,SDNr111,North Kordofan
Sudan,SDN,SDNr101,Northern
Sudan,SDN,SDNr103,Red Sea
Sudan,SDN,SDNr109,Sinnar
Sudan,SDN,SDNr115,South Darfur
Sudan,SDN,SDNr112,South Kordofan
Sudan,SDN,SDNr114,West Darfur
Sudan,SDN,SDNr108,White Nile
Suriname,SUR,SURt,Total
Suriname,SUR,SURr105,Brokopondo and Sipaliwini
Suriname,SUR,SURr104,Commewijne and Marowijne
Suriname,SUR,SURr103,"Nickerie, Coronie and Saramacca"
Suriname,SUR,SURr101,Paramaribo
Suriname,SUR,SURr102,Wanica and Para
Sweden,SWE,SWEt,Total
Sweden,SWE,SWEr107,Mellersta Norrland
Sweden,SWE,SWEr106,Norra Mellansverige
Sweden,SWE,SWEr102,Ostra Mellansverige
Sweden,SWE,SWEr108,Ovre Norrland
Sweden,SWE,SWEr103,Smaland med oarna
Sweden,SWE,SWEr101,Stockholm
Sweden,SWE,SWEr104,Sydsverige
Sweden,SWE,SWEr105,Vastsverige
Switzerland,CHE,CHEt,Total
Switzerland,CHE,CHEr106,Central Switzerland
Switzerland,CHE,CHEr105,Eastern Switzerland
Switzerland,CHE,CHEr102,Espace Mittelland
Switzerland,CHE,CHEr101,Lake Geneva region
Switzerland,CHE,CHEr103,Northwestern Switzerland
Switzerland,CHE,CHEr107,Ticino
Switzerland,CHE,CHEr104,Zurich
Syria,SYR,SYRt,Total
Syria,SYR,SYRr111,Al Hasaka
Syria,SYR,SYRr106,Al Latakia
Syria,SYR,SYRr114,Al Qunitara - Quneitra
Syria,SYR,SYRr109,Al Raka-Raqqa
Syria,SYR,SYRr112,Al Swida - Sweida
Syria,SYR,SYRr101,Damascus
Syria,SYR,SYRr113,Daraa
Syria,SYR,SYRr110,Der El Zour - Deir Ezzor
Syria,SYR,SYRr107,Edlab Idleb
Syria,SYR,SYRr108,Halab - Aleppo
Syria,SYR,SYRr104,Hamaa
Syria,SYR,SYRr103,Homs
Syria,SYR,SYRr102,Rural Damascus
Syria,SYR,SYRr105,Tartous
Tajikistan,TJK,TJKt,Total
Tajikistan,TJK,TJKr104,DRS
Tajikistan,TJK,TJKr101,Duchanbe
Tajikistan,TJK,TJKr105,GBAO
Tajikistan,TJK,TJKr102,Khatlon
Tajikistan,TJK,TJKr103,Sughd (formerly Leninabad)
Tanzania,TZA,TZAt,Total
Tanzania,TZA,TZAr202," Arusha, Manyara"
Tanzania,TZA,TZAr207, Dar Es Salam
Tanzania,TZA,TZAr201, Dodoma
Tanzania,TZA,TZAr211," Iringa, Njombe"
Tanzania,TZA,TZAr218, Kagera
Tanzania,TZA,TZAr216, Kigoma
Tanzania,TZA,TZAr203, Kilimanjaro
Tanzania,TZA,TZAr208, Lindi
Tanzania,TZA,TZAr220, Mara
Tanzania,TZA,TZAr212, Mbeya
Tanzania,TZA,TZAr205, Morogoro
Tanzania,TZA,TZAr209, Mtwara
Tanzania,TZA,TZAr219," Mwanza, Geita"
Tanzania,TZA,TZAr224, Pemba North
Tanzania,TZA,TZAr225, Pemba South
Tanzania,TZA,TZAr206, Pwani
Tanzania,TZA,TZAr215," Rukwa, Katavi"
Tanzania,TZA,TZAr210, Ruvuma
Tanzania,TZA,TZAr217," Shinyanga, Simiyu"
Tanzania,TZA,TZAr213, Singida
Tanzania,TZA,TZAr214, Tabora
Tanzania,TZA,TZAr204, Tanga
Tanzania,TZA,TZAr221, Zanzibar North
Tanzania,TZA,TZAr222, Zanzibar South
Tanzania,TZA,TZAr223, Zanzibar West
Thailand,THA,THAt,Total
Thailand,THA,THAr101,Bangkok
Thailand,THA,THAr102,Central
Thailand,THA,THAr103,North
Thailand,THA,THAr104,Northeast
Thailand,THA,THAr105,South
Timor Leste,TLS,TLSt,Total
Timor Leste,TLS,TLSr101,Aileu
Timor Leste,TLS,TLSr102,Ainaro
Timor Leste,TLS,TLSr103,Baucau
Timor Leste,TLS,TLSr104,Bobonaro
Timor Leste,TLS,TLSr105,Cova Lima
Timor Leste,TLS,TLSr106,Dili
Timor Leste,TLS,TLSr107,Ermera
Timor Leste,TLS,TLSr109,Lautem
Timor Leste,TLS,TLSr108,Liquica
Timor Leste,TLS,TLSr111,Manatuto
Timor Leste,TLS,TLSr110,Manufahi
Timor Leste,TLS,TLSr112,Oecussi
Timor Leste,TLS,TLSr113,Viqueque
Togo,TGO,TGOt,Total
Togo,TGO,TGOr104,Centrale
Togo,TGO,TGOr105,Kara
Togo,TGO,TGOr101,Lome
Togo,TGO,TGOr102,Maritime
Togo,TGO,TGOr103,Plateaux
Togo,TGO,TGOr106,Savanes
Tonga,TON,TONt,Total
Trinidad & Tobago,TTO,TTOt,Total
Trinidad & Tobago,TTO,TTOr103,Central
Trinidad & Tobago,TTO,TTOr102,East
Trinidad & Tobago,TTO,TTOr101,North West
Trinidad & Tobago,TTO,TTOr104,South West
Trinidad & Tobago,TTO,TTOr105,Tobago
Tunisia,TUN,TUNt,Total
Tunisia,TUN,TUNr105,"Centre Est (Sousse, Monastir, Mahdia, Sfax)"
Tunisia,TUN,TUNr104,"Centre Ouest (Kairouan, Kasserine, Sidi Bouzid)"
Tunisia,TUN,TUNr101,"Grand Tunis (Tunis, Ariana, Ben Arous, Manouba)"
Tunisia,TUN,TUNr102,"Nord Est (Nabeul, Zaghouan, Bizerte)"
Tunisia,TUN,TUNr103,"Nord Ouest (Beja, Jendouba, Kef, Siliana)"
Tunisia,TUN,TUNr107,"Sud Est (Gabes, Medinine, Tataouine)"
Tunisia,TUN,TUNr106,"Sud Ouest (Gafsa, Tozeur, Kebili)"
Turkey,TUR,TURt,Total
Turkey,TUR,TURr103,"Aegean (Afyon, Aydin, Denizli, Izmir, Kutahya, Manisa, Mugla, Usak)"
Turkey,TUR,TURr107,"Central Anatolia (Kayseri, Kirsehir, Nevsehir, Nigde, Sivas, Yozgat, Aksaray, Kirikkale)"
Turkey,TUR,TURr111,"Central East Anatolia (Bingol, Bitlis, Elazig, Hakkari, Malatya, Mus, Tunceli, Van)"
Turkey,TUR,TURr109,"East Black Sea (Artvin, Giresun, Gumushane, Ordu, Rize, Trabzon)"
Turkey,TUR,TURr104,"East Marmara (Bilecik, Bolu, Bursa, Duzce, Eskisehir, Kocaeli, Sakarya, Yalova)"
Turkey,TUR,TURr101,Istanbul
Turkey,TUR,TURr106,"Mediterranean (Adana, Antalya, Burdur, Hatay, Isparta, Icel, K Maras, Osmaniye)"
Turkey,TUR,TURr110,"North East Anatolia (Agri, Erzincan, Erzurum, Kars, Bayburt, Ardahan, Igdir)"
Turkey,TUR,TURr112,"South East Anatolia (Adiyaman, Diyarbakir, Gaziantep, Mardin, Siirt, Sanliurfa, Batman, Sirnak, Kili"
Turkey,TUR,TURr105,"West Anatolia (Ankara, Konya, Karaman)"
Turkey,TUR,TURr108,"West Black Sea (Amasya, Cankiri, Corum, Kastamonu, Samsun, Sinop, Tokat, Zonguldak, Bartin, Karabuk)"
Turkey,TUR,TURr102,"West Marmara (Balikesir, Canakkale, Edirne, Kirklareli, Tekirdag)"
Turkmenistan,TKM,TKMt,Total
Turkmenistan,TKM,TKMr102,Akhal
Turkmenistan,TKM,TKMr101,Ashgabat City
Turkmenistan,TKM,TKMr103,Balkan
Turkmenistan,TKM,TKMr104,Dashoguz
Turkmenistan,TKM,TKMr105,Lebap
Turkmenistan,TKM,TKMr106,Mary
Uganda,UGA,UGAt,Total
Uganda,UGA,UGAr101,Central 1 (Central South)
Uganda,UGA,UGAr102,Central 2 (Central North)
Uganda,UGA,UGAr104,East Central (Busoga)
Uganda,UGA,UGAr105,"Eastern (Bukedi, Bugishu, Teso)"
Uganda,UGA,UGAr103,Kampala
Uganda,UGA,UGAr106,"North (Karamoja, Lango, Acholi)"
Uganda,UGA,UGAr109,"Southwest (Ankole, Kigezi)"
Uganda,UGA,UGAr107,West Nile
Uganda,UGA,UGAr108,"Western (Bunyoro, Tooro)"
Ukraine,UKR,UKRt,Total
Ukraine,UKR,UKRr102,Central
Ukraine,UKR,UKRr103,East
Ukraine,UKR,UKRr101,North
Ukraine,UKR,UKRr104,South
Ukraine,UKR,UKRr105,West
United Arab Emirates,ARE,AREt,Total
United Kingdom,GBR,GBRt,Total
United Kingdom,GBR,GBRr104,East Midlands
United Kingdom,GBR,GBRr106,East of England
United Kingdom,GBR,GBRr107,London
United Kingdom,GBR,GBRr101,North East
United Kingdom,GBR,GBRr102,North West
United Kingdom,GBR,GBRr112,Northern Ireland
United Kingdom,GBR,GBRr111,Scotland
United Kingdom,GBR,GBRr108,South East
United Kingdom,GBR,GBRr109,South West
United Kingdom,GBR,GBRr110,Wales
United Kingdom,GBR,GBRr105,West Midlands
United Kingdom,GBR,GBRr103,Yorkshire and The Humber
United States,USA,USAt,Total
United States,USA,USAr101,Alabama
United States,USA,USAr102,Alaska
United States,USA,USAr103,Arizona
United States,USA,USAr104,Arkansas
United States,USA,USAr105,California
United States,USA,USAr106,Colorado
United States,USA,USAr107,Connecticut
United States,USA,USAr108,Delaware
United States,USA,USAr109,District of Columbia
United States,USA,USAr110,Florida
United States,USA,USAr111,Georgia
United States,USA,USAr112,Hawaii
United States,USA,USAr113,Idaho
United States,USA,USAr114,Illinois
United States,USA,USAr115,Indiana
United States,USA,USAr116,Iowa
United States,USA,USAr117,Kansas
United States,USA,USAr118,Kentucky
United States,USA,USAr119,Louisiana
United States,USA,USAr120,Maine
United States,USA,USAr121,Maryland
United States,USA,USAr122,Massachusetts
United States,USA,USAr123,Michigan
United States,USA,USAr124,Minnesota
United States,USA,USAr125,Mississippi
United States,USA,USAr126,Missouri
United States,USA,USAr127,Montana
United States,USA,USAr128,Nebraska
United States,USA,USAr129,Nevada
United States,USA,USAr130,New Hampshire
United States,USA,USAr131,New Jersey
United States,USA,USAr132,New Mexico
United States,USA,USAr133,New York
United States,USA,USAr134,North Carolina
United States,USA,USAr135,North Dakota
United States,USA,USAr136,Ohio
United States,USA,USAr137,Oklahoma
United States,USA,USAr138,Oregon
United States,USA,USAr139,Pennsylvania
United States,USA,USAr140,Rhode Island
United States,USA,USAr141,South Carolina
United States,USA,USAr142,South Dakota
United States,USA,USAr143,Tennessee
United States,USA,USAr144,Texas
United States,USA,USAr145,Utah
United States,USA,USAr146,Vermont
United States,USA,USAr147,Virginia
United States,USA,USAr148,Washington
United States,USA,USAr149,West Virginia
United States,USA,USAr150,Wisconsin
United States,USA,USAr151,Wyoming
Uruguay,URY,URYt,Total
Uruguay,URY,URYr105,Centro (Durazno and Tacuarembo)
Uruguay,URY,URYr106,"Centro Sur (Flores, Florida and Lavalleja)"
Uruguay,URY,URYr103,"Costa Este (Canelones, Maldonado and Rocha)"
Uruguay,URY,URYr107,"Litoral Norte (Paysandu, Salto and Rio Negro)"
Uruguay,URY,URYr104,"Litoral Sur (Soriano, Colonia and San Jose)"
Uruguay,URY,URYr101,Montevideo and Metropolitan area
Uruguay,URY,URYr102,"Norte (Artigas, Rivera, Cerro Largo and Trienta y Tres)"
Uzbekistan,UZB,UZBt,Total
Uzbekistan,UZB,UZBr102,"Central (Navoi, Bukhara, Samarkand)"
Uzbekistan,UZB,UZBr104,"Central-East (Dzhizak, Syrdarya)"
Uzbekistan,UZB,UZBr105,"East (Namangan, Fergana, Andizhan)"
Uzbekistan,UZB,UZBr103,"South (Kashkadarya, Surkhandarya)"
Uzbekistan,UZB,UZBr106,Tashkent
Uzbekistan,UZB,UZBr101,"West (Karakalpakstan, Khorezm)"
Vanuatu,VUT,VUTt,Total
Vanuatu,VUT,VUTr108,Luganville
Vanuatu,VUT,VUTr103,Malampa
Vanuatu,VUT,VUTr104,Penama
Vanuatu,VUT,VUTr107,Port Vila
Vanuatu,VUT,VUTr105,Sanma
Vanuatu,VUT,VUTr102,Shefa
Vanuatu,VUT,VUTr101,Tafea
Vanuatu,VUT,VUTr106,Torba
Venezuela,VEN,VENt,Total
Venezuela,VEN,VENr110,Amacuros Delta Federal Territory
Venezuela,VEN,VENr102,Amazonas Federal Territory
Venezuela,VEN,VENr103,Anzoategui
Venezuela,VEN,VENr104,Apure
Venezuela,VEN,VENr105,Aragua
Venezuela,VEN,VENr106,Barinas
Venezuela,VEN,VENr107,Bolivar
Venezuela,VEN,VENr108,Carabobo
Venezuela,VEN,VENr109,Cojedes
Venezuela,VEN,VENr111,Falcon
Venezuela,VEN,VENr101,Federal District
Venezuela,VEN,VENr112,Guarico
Venezuela,VEN,VENr113,Lara
Venezuela,VEN,VENr114,Merida
Venezuela,VEN,VENr115,Miranda
Venezuela,VEN,VENr116,Monagas
Venezuela,VEN,VENr117,Nueva Esparta
Venezuela,VEN,VENr118,Portuguesa
Venezuela,VEN,VENr119,Sucre
Venezuela,VEN,VENr120,Tachira
Venezuela,VEN,VENr121,Trujillo
Venezuela,VEN,VENr124,Vargas
Venezuela,VEN,VENr122,Yaracuy
Venezuela,VEN,VENr123,Zulia
Vietnam,VNM,VNMt,Total
Vietnam,VNM,VNMr104,Central Highlands
Vietnam,VNM,VNMr106,Mekong River Delta
Vietnam,VNM,VNMr103,North Central Coast and South Central Coast
Vietnam,VNM,VNMr102,"North East, North West"
Vietnam,VNM,VNMr101,Red River Delta
Vietnam,VNM,VNMr105,South East
Yemen,YEM,YEMt,Total
Yemen,YEM,YEMr102,"Abyan, Aden (town and countryside), Lahej, Ad Dali (Al Dhalih)"
Yemen,YEM,YEMr104,"Beida (Al Bayda), Dhamar, Raimah"
Yemen,YEM,YEMr107,"Hajja, Sada, Amran (Omran)"
Yemen,YEM,YEMr108,"Hodeida (Al Hudaydah), Mahweit (Al Mahwit)"
Yemen,YEM,YEMr101,Ibb
Yemen,YEM,YEMr106,"Jawf, Hadramet, Shabda (Shabwah), Marib, Mohra (Al Mahrah)"
Yemen,YEM,YEMr103,"Sana a (capital; Al Amana), Sana a (governorate)"
Yemen,YEM,YEMr105,Taiz
Zambia,ZMB,ZMBt,Total
Zambia,ZMB,ZMBr101,Central
Zambia,ZMB,ZMBr102,Copperbelt
Zambia,ZMB,ZMBr103,Eastern
Zambia,ZMB,ZMBr104,Luapula
Zambia,ZMB,ZMBr105,Lusaka
Zambia,ZMB,ZMBr107,North-Western
Zambia,ZMB,ZMBr106,Northern
Zambia,ZMB,ZMBr108,Southern
Zambia,ZMB,ZMBr109,Western
Zimbabwe,ZWE,ZWEt,Total
Zimbabwe,ZWE,ZWEr110,Bulawayo
Zimbabwe,ZWE,ZWEr109,Harare
Zimbabwe,ZWE,ZWEr101,Manicaland
Zimbabwe,ZWE,ZWEr102,Mashonaland Central
Zimbabwe,ZWE,ZWEr103,Mashonaland East
Zimbabwe,ZWE,ZWEr104,Mashonaland West
Zimbabwe,ZWE,ZWEr108,Masvingo
Zimbabwe,ZWE,ZWEr105,Matebeleland North
Zimbabwe,ZWE,ZWEr106,Matebeleland South
Zimbabwe,ZWE,ZWEr107,Midlands
